100,7603,-10,2013-06-01 04:00:00
15,400,-1,2015-02-09 05:00:00
320,58,2,2014-08-25 04:00:00
26,333,1,2013-02-13 05:00:00
8,427,-1,2014-03-20 04:00:00
1315,1,5,2012-04-17 04:00:00
108,2175,1,2012-02-12 05:00:00
813,748,-1,2012-12-01 05:00:00
2,8,5,2013-08-13 04:00:00
368,382,2,2011-05-22 04:00:00
8,7470,-10,2013-12-01 05:00:00
85,7602,-10,2013-03-29 04:00:00
45,7520,-10,2011-06-14 04:00:00
100,177,-10,2013-06-01 04:00:00
20,2,10,2012-04-02 04:00:00
42,7582,-10,2011-05-11 04:00:00
330,7600,-5,2013-03-26 04:00:00
134,7603,-10,2013-04-24 04:00:00
163,7560,-10,2014-07-05 04:00:00
7588,25,1,2012-07-29 04:00:00
272,142,-5,2012-01-12 05:00:00
397,666,1,2013-10-18 04:00:00
864,153,2,2011-06-17 04:00:00
1335,1808,1,2012-11-01 04:00:00
24,249,1,2013-05-28 04:00:00
159,145,3,2012-10-03 04:00:00
125,7431,-10,2013-03-09 05:00:00
176,737,5,2012-06-17 04:00:00
185,249,3,2013-10-01 04:00:00
491,177,-5,2013-04-27 04:00:00
986,540,1,2011-06-02 04:00:00
3159,8,2,2013-03-27 04:00:00
245,185,-10,2014-02-27 05:00:00
15,47,-1,2014-12-23 05:00:00
1432,514,2,2011-06-08 04:00:00
164,1393,-1,2014-12-04 05:00:00
1,519,2,2012-04-18 04:00:00
8,7603,-5,2014-03-12 04:00:00
8,7328,-1,2013-12-10 05:00:00
2068,79,1,2011-07-20 04:00:00
122,7565,-1,2012-11-06 05:00:00
3,6,8,2013-02-27 05:00:00
149,419,1,2011-04-08 04:00:00
7604,7601,10,2013-03-26 04:00:00
54,7564,-10,2011-07-19 04:00:00
173,398,1,2014-03-07 05:00:00
7,7540,-1,2012-11-13 05:00:00
759,7597,-10,2013-08-19 04:00:00
5837,7465,-10,2013-01-21 05:00:00
114,7370,-1,2016-01-17 05:00:00
710,4,3,2011-02-17 05:00:00
2265,700,1,2012-10-30 04:00:00
7564,45,-10,2011-06-16 04:00:00
85,199,-1,2014-04-25 04:00:00
346,35,1,2011-11-28 05:00:00
5,7544,-10,2014-08-14 04:00:00
48,75,2,2011-08-18 04:00:00
67,1730,1,2011-11-14 05:00:00
123,7556,-10,2012-12-07 05:00:00
113,7603,-10,2012-09-03 04:00:00
8,969,-1,2013-12-12 05:00:00
13,320,3,2013-01-28 05:00:00
7552,224,1,2011-04-29 04:00:00
10,1967,1,2011-05-18 04:00:00
272,7564,-10,2011-07-06 04:00:00
625,91,2,2010-12-27 05:00:00
108,2005,1,2011-06-09 04:00:00
485,7331,-1,2012-01-22 05:00:00
1708,89,1,2011-07-04 04:00:00
1,3101,1,2013-01-02 05:00:00
51,7573,-10,2012-03-11 05:00:00
356,7,2,2012-07-20 04:00:00
609,1093,1,2011-05-03 04:00:00
58,11,-8,2014-12-14 05:00:00
129,1220,4,2011-05-03 04:00:00
484,208,1,2013-05-04 04:00:00
367,7587,-10,2011-06-09 04:00:00
503,43,1,2012-06-09 04:00:00
321,7,-2,2014-04-29 04:00:00
177,7604,-10,2013-03-25 04:00:00
11,7445,-10,2013-11-14 05:00:00
11,2356,1,2013-04-21 04:00:00
1977,1978,1,2011-05-23 04:00:00
249,7595,-10,2013-03-30 04:00:00
703,244,2,2013-01-21 05:00:00
509,1157,1,2012-09-02 04:00:00
2244,7539,-10,2012-11-28 05:00:00
11,1159,3,2013-05-01 04:00:00
185,582,1,2012-03-16 04:00:00
211,1292,-1,2011-12-17 05:00:00
26,9,-5,2013-09-16 04:00:00
72,830,2,2013-12-19 05:00:00
8,2031,-1,2013-12-12 05:00:00
15,2,3,2011-08-03 04:00:00
452,7,1,2012-04-17 04:00:00
68,7334,-10,2013-03-25 04:00:00
37,113,5,2010-11-14 05:00:00
68,296,4,2012-10-11 04:00:00
424,95,-1,2012-11-14 05:00:00
1966,181,2,2011-05-17 04:00:00
1762,33,1,2012-04-22 04:00:00
97,177,10,2013-02-01 05:00:00
1171,7595,-1,2013-04-02 04:00:00
7602,177,-10,2013-07-19 04:00:00
346,305,2,2011-11-08 05:00:00
11,6878,-10,2014-02-11 05:00:00
238,714,10,2011-05-05 04:00:00
15,3427,1,2015-03-14 04:00:00
69,197,3,2012-04-03 04:00:00
1159,7528,-5,2012-10-07 04:00:00
3017,179,10,2012-09-23 04:00:00
2282,1,3,2012-11-25 05:00:00
2043,7564,2,2011-06-10 04:00:00
2,7552,-5,2014-09-29 04:00:00
30,1103,-10,2013-05-13 04:00:00
386,495,1,2013-10-23 04:00:00
151,38,2,2013-08-13 04:00:00
530,35,2,2013-03-04 05:00:00
106,422,1,2011-05-11 04:00:00
949,276,1,2012-04-07 04:00:00
179,7527,-10,2013-01-18 05:00:00
86,7560,-1,2014-06-26 04:00:00
90,2,2,2012-07-22 04:00:00
22,2651,1,2013-11-22 05:00:00
51,2150,1,2011-12-13 05:00:00
491,220,1,2014-08-15 04:00:00
217,1921,1,2011-05-20 04:00:00
78,25,1,2012-10-29 04:00:00
104,984,1,2014-04-13 04:00:00
6,7552,-10,2014-02-26 05:00:00
8,649,-1,2014-06-04 04:00:00
2512,355,1,2011-05-17 04:00:00
7594,688,-10,2013-01-11 05:00:00
95,124,-1,2012-12-09 05:00:00
318,7604,-10,2013-06-13 04:00:00
443,517,2,2012-01-20 05:00:00
177,1515,4,2012-09-20 04:00:00
7584,5342,-10,2013-01-24 05:00:00
100,44,3,2011-06-02 04:00:00
1,2744,1,2011-08-27 04:00:00
979,127,4,2013-05-09 04:00:00
60,16,1,2012-05-18 04:00:00
93,7515,-5,2013-05-28 04:00:00
43,7601,-10,2013-03-26 04:00:00
791,7395,-10,2011-07-17 04:00:00
190,798,-1,2012-05-17 04:00:00
1522,7506,-10,2012-10-16 04:00:00
13,2266,1,2012-11-07 05:00:00
145,95,-1,2012-12-20 05:00:00
3,199,1,2012-12-03 05:00:00
8,7474,-10,2013-12-11 05:00:00
151,2393,1,2013-10-17 04:00:00
88,185,-10,2014-12-18 05:00:00
22,7555,-10,2012-11-21 05:00:00
84,106,2,2011-05-14 04:00:00
798,1766,1,2012-04-22 04:00:00
10,1636,1,2011-05-18 04:00:00
437,1979,1,2011-05-24 04:00:00
42,7438,-10,2011-05-20 04:00:00
309,87,1,2013-10-28 04:00:00
21,5342,2,2012-07-11 04:00:00
145,7334,-5,2012-12-20 05:00:00
39,4,10,2011-06-18 04:00:00
1649,2298,1,2012-12-16 05:00:00
85,222,-2,2014-07-18 04:00:00
5342,7595,-8,2013-03-18 04:00:00
197,244,1,2013-03-04 05:00:00
5342,7556,-5,2012-11-27 05:00:00
2,798,-10,2012-06-11 04:00:00
605,15,4,2015-04-27 04:00:00
281,491,-5,2014-06-03 04:00:00
408,7564,4,2011-06-09 04:00:00
630,1710,1,2011-07-22 04:00:00
19,7585,-10,2013-11-21 05:00:00
3,1054,3,2013-03-08 05:00:00
5342,1611,-5,2013-03-02 05:00:00
93,115,1,2013-06-14 04:00:00
22,1138,1,2011-11-05 04:00:00
52,277,1,2012-03-12 04:00:00
15,7518,-10,2013-02-12 05:00:00
7531,5,-10,2014-02-26 05:00:00
62,229,1,2013-05-13 04:00:00
8,395,-1,2014-07-24 04:00:00
278,1638,-3,2012-10-27 04:00:00
1691,7600,-10,2013-02-07 05:00:00
3,493,3,2013-02-28 05:00:00
943,188,1,2011-10-22 04:00:00
9,409,-1,2013-04-06 04:00:00
1638,542,1,2011-08-02 04:00:00
15,55,-1,2014-08-11 04:00:00
174,11,-10,2014-07-30 04:00:00
20,31,8,2013-11-06 05:00:00
10,798,-1,2012-05-24 04:00:00
395,12,1,2013-06-19 04:00:00
5342,5389,-10,2012-12-20 05:00:00
393,7410,-1,2012-06-09 04:00:00
148,439,1,2011-02-08 05:00:00
2331,7552,-1,2014-02-27 05:00:00
468,7552,1,2011-03-16 04:00:00
145,7517,-10,2012-09-25 04:00:00
509,2345,2,2013-04-02 04:00:00
7595,249,-10,2013-03-30 04:00:00
700,800,2,2012-10-25 04:00:00
2961,18,1,2012-06-27 04:00:00
174,92,-1,2013-06-27 04:00:00
1780,69,1,2012-06-21 04:00:00
1859,81,2,2013-05-29 04:00:00
7550,7552,5,2013-08-15 04:00:00
301,7604,-10,2013-04-16 04:00:00
7336,239,-10,2012-11-17 05:00:00
1132,40,1,2011-08-24 04:00:00
173,7567,-10,2013-12-09 05:00:00
175,45,2,2011-05-14 04:00:00
166,7517,-10,2012-09-26 04:00:00
35,279,-1,2014-10-17 04:00:00
775,7449,-10,2011-05-31 04:00:00
565,149,2,2011-05-27 04:00:00
1517,102,2,2012-07-27 04:00:00
433,7541,-10,2013-04-22 04:00:00
360,7603,-5,2012-09-08 04:00:00
129,998,5,2011-05-01 04:00:00
58,7523,-5,2014-08-14 04:00:00
1441,615,1,2011-06-04 04:00:00
2377,36,1,2013-07-24 04:00:00
24,798,-1,2013-01-21 05:00:00
7601,1691,-10,2013-07-19 04:00:00
244,56,5,2013-03-14 04:00:00
117,798,-1,2012-02-20 05:00:00
1096,1696,1,2011-06-19 04:00:00
5,197,-10,2013-12-02 05:00:00
1651,202,2,2011-06-03 04:00:00
66,98,2,2012-02-08 05:00:00
7564,7498,-10,2011-06-20 04:00:00
10,1424,2,2012-05-08 04:00:00
7594,937,-10,2013-01-11 05:00:00
37,15,3,2012-02-25 05:00:00
6,90,-10,2013-03-01 05:00:00
47,22,8,2013-05-01 04:00:00
111,7602,-10,2013-03-29 04:00:00
1522,7537,-10,2012-10-16 04:00:00
1523,2,1,2012-10-07 04:00:00
222,31,-1,2014-07-20 04:00:00
1134,176,-10,2013-02-05 05:00:00
8,268,-1,2014-03-23 04:00:00
30,5533,-10,2012-09-25 04:00:00
840,10,1,2011-06-10 04:00:00
188,7599,-10,2013-03-26 04:00:00
7517,7553,-10,2012-09-25 04:00:00
8,7355,-1,2014-02-11 05:00:00
79,2675,1,2011-06-20 04:00:00
8,7412,-10,2013-11-12 05:00:00
605,230,2,2015-04-26 04:00:00
6,177,-2,2014-03-13 04:00:00
7564,7372,-10,2011-06-20 04:00:00
7507,650,1,2013-11-17 05:00:00
1351,13,1,2012-12-19 05:00:00
7440,145,-10,2011-07-02 04:00:00
7,1308,2,2012-06-13 04:00:00
22,170,-2,2012-02-29 05:00:00
102,7596,-1,2011-06-06 04:00:00
876,7476,-10,2014-01-08 05:00:00
803,695,2,2012-07-16 04:00:00
19,86,-1,2014-06-13 04:00:00
174,8,3,2013-03-04 05:00:00
5,2408,-8,2014-05-05 04:00:00
6,31,8,2014-05-22 04:00:00
132,384,2,2011-07-15 04:00:00
58,7422,-2,2014-08-22 04:00:00
863,679,1,2011-06-10 04:00:00
157,1561,1,2014-03-02 05:00:00
177,1053,1,2012-11-23 05:00:00
161,103,1,2012-05-12 04:00:00
1581,7420,-10,2013-09-22 04:00:00
1249,7564,-1,2011-06-12 04:00:00
3035,61,8,2013-01-21 05:00:00
379,40,1,2011-02-08 05:00:00
7564,102,-10,2011-06-20 04:00:00
375,7578,-10,2014-09-03 04:00:00
31,177,-10,2013-07-19 04:00:00
1774,32,1,2012-05-24 04:00:00
13,20,3,2012-07-25 04:00:00
3080,30,1,2012-12-05 05:00:00
13,659,7,2013-12-23 05:00:00
19,2336,-3,2014-04-30 04:00:00
7521,58,-10,2014-02-24 05:00:00
39,217,2,2011-07-13 04:00:00
188,15,-1,2012-04-08 04:00:00
87,7415,-2,2013-12-07 05:00:00
15,7335,-1,2015-12-31 05:00:00
991,845,1,2011-04-18 04:00:00
1921,15,-1,2013-02-10 05:00:00
7601,188,-10,2013-07-19 04:00:00
7398,258,-1,2013-12-15 05:00:00
358,7603,-10,2012-09-11 04:00:00
85,1322,-1,2014-06-23 04:00:00
7601,177,-10,2013-07-19 04:00:00
687,7593,-10,2012-04-11 04:00:00
410,282,-5,2012-08-07 04:00:00
236,350,1,2012-06-06 04:00:00
36,840,-1,2013-08-27 04:00:00
91,200,8,2011-05-30 04:00:00
1,2351,1,2013-04-15 04:00:00
1221,7603,-10,2012-09-04 04:00:00
79,2104,1,2011-07-20 04:00:00
19,3373,1,2014-05-26 04:00:00
672,76,1,2011-06-08 04:00:00
413,10,1,2013-05-10 04:00:00
1919,40,1,2011-02-16 05:00:00
5342,13,1,2012-11-07 05:00:00
177,810,5,2012-09-16 04:00:00
30,7604,-10,2013-03-25 04:00:00
5342,76,-5,2012-11-07 05:00:00
2378,34,1,2013-09-04 04:00:00
30,7579,-10,2013-05-31 04:00:00
13,178,2,2012-11-28 05:00:00
248,5,10,2013-09-02 04:00:00
8,2354,-1,2014-01-23 05:00:00
468,356,1,2011-05-14 04:00:00
981,59,5,2013-08-15 04:00:00
97,1136,1,2011-10-15 04:00:00
24,34,5,2014-03-27 04:00:00
2336,3435,1,2015-05-19 04:00:00
1158,7603,-10,2012-09-06 04:00:00
7595,1691,-10,2013-03-22 04:00:00
417,754,-10,2014-08-03 04:00:00
4,2439,1,2011-03-09 05:00:00
35,126,3,2014-04-24 04:00:00
593,7397,-10,2012-07-22 04:00:00
366,45,1,2011-05-17 04:00:00
1534,13,4,2013-01-03 05:00:00
1137,14,1,2011-12-15 05:00:00
13,487,-10,2013-01-25 05:00:00
411,95,2,2012-09-20 04:00:00
126,168,1,2014-05-04 04:00:00
7599,1691,-10,2013-07-19 04:00:00
55,272,-10,2012-02-25 05:00:00
38,1489,1,2012-03-04 05:00:00
1162,85,1,2012-09-18 04:00:00
257,1077,1,2012-01-08 05:00:00
15,7415,-1,2013-11-30 05:00:00
454,7552,-1,2014-02-14 05:00:00
188,161,-1,2013-01-02 05:00:00
82,7591,-10,2014-08-29 04:00:00
651,984,1,2014-08-28 04:00:00
104,185,-5,2014-07-30 04:00:00
22,7483,-4,2012-09-15 04:00:00
3154,3,3,2013-03-13 04:00:00
15,14,-10,2013-02-28 05:00:00
3267,135,1,2013-07-13 04:00:00
507,535,2,2011-05-01 04:00:00
2336,400,-2,2014-10-03 04:00:00
15,31,-10,2015-05-29 04:00:00
1,2619,1,2011-06-14 04:00:00
7,7398,-10,2014-04-28 04:00:00
324,7569,-10,2011-05-04 04:00:00
7394,7520,-1,2011-06-14 04:00:00
725,2579,1,2011-06-04 04:00:00
53,754,-10,2014-08-04 04:00:00
7397,7376,-2,2012-04-27 04:00:00
146,2,1,2012-02-17 05:00:00
181,999,2,2011-05-13 04:00:00
21,197,1,2012-08-13 04:00:00
6,7604,-10,2013-04-01 04:00:00
2318,244,-1,2013-05-29 04:00:00
1,1261,2,2011-06-29 04:00:00
13,68,-10,2014-10-07 04:00:00
513,945,1,2012-02-14 05:00:00
35,85,-5,2014-12-22 05:00:00
196,7603,-1,2012-08-27 04:00:00
1285,255,1,2011-09-14 04:00:00
272,7596,-10,2011-06-16 04:00:00
8,7552,-8,2014-03-12 04:00:00
15,176,-10,2012-11-03 04:00:00
5342,7392,-5,2013-11-24 05:00:00
11,100,1,2012-02-06 05:00:00
200,503,1,2011-04-08 04:00:00
137,264,1,2012-06-05 04:00:00
122,17,1,2011-10-24 04:00:00
824,958,-2,2014-06-28 04:00:00
1691,7509,-10,2013-04-03 04:00:00
281,302,-1,2015-12-16 05:00:00
1348,882,1,2012-11-24 05:00:00
7586,46,-10,2012-10-30 04:00:00
8,3516,-1,2013-12-14 05:00:00
7517,13,-10,2012-09-25 04:00:00
663,2533,1,2011-05-23 04:00:00
798,117,-1,2012-02-24 05:00:00
1159,3774,-10,2013-04-18 04:00:00
701,1556,1,2013-04-12 04:00:00
381,2,5,2013-02-25 05:00:00
1278,22,1,2011-09-10 04:00:00
329,7604,-10,2013-03-26 04:00:00
177,7536,-10,2012-10-02 04:00:00
2408,7,-10,2014-04-29 04:00:00
49,7563,-10,2013-11-22 05:00:00
33,798,-3,2012-06-07 04:00:00
5342,353,-3,2012-10-19 04:00:00
278,7603,-10,2012-09-19 04:00:00
1179,6,1,2013-03-05 05:00:00
448,1007,5,2011-06-05 04:00:00
824,443,-1,2014-03-31 04:00:00
81,754,2,2013-04-18 04:00:00
5342,303,-3,2012-10-28 04:00:00
4,396,1,2012-11-27 05:00:00
11,264,1,2012-06-07 04:00:00
1182,1537,1,2013-03-25 04:00:00
42,11,2,2013-05-22 04:00:00
88,124,-1,2013-04-19 04:00:00
42,7,1,2012-08-31 04:00:00
86,19,-1,2014-06-13 04:00:00
641,99,-1,2013-04-30 04:00:00
1027,14,5,2012-01-16 05:00:00
9,7518,-1,2012-10-13 04:00:00
585,7600,-5,2012-09-08 04:00:00
179,124,1,2012-12-30 05:00:00
7386,902,-1,2015-12-18 05:00:00
259,199,1,2012-12-11 05:00:00
681,7564,-10,2011-10-19 04:00:00
143,696,2,2013-01-13 05:00:00
30,119,-10,2013-05-10 04:00:00
150,7564,-10,2011-06-11 04:00:00
389,57,1,2011-10-14 04:00:00
10,7399,-2,2014-08-09 04:00:00
1,1288,1,2011-11-20 05:00:00
85,7334,-10,2013-03-29 04:00:00
160,945,1,2012-07-29 04:00:00
206,7514,-10,2013-08-19 04:00:00
3133,1528,1,2013-02-26 05:00:00
708,7489,-10,2014-02-10 05:00:00
158,49,1,2013-12-28 05:00:00
754,81,2,2013-04-18 04:00:00
27,142,1,2013-09-16 04:00:00
62,205,1,2012-08-25 04:00:00
2976,205,1,2012-08-04 04:00:00
304,1,1,2011-09-13 04:00:00
1784,63,1,2014-07-07 04:00:00
167,23,3,2011-04-15 04:00:00
15,113,-10,2014-11-15 05:00:00
541,195,2,2011-06-09 04:00:00
158,19,1,2013-09-22 04:00:00
206,632,-1,2013-12-13 05:00:00
95,7602,-10,2013-07-19 04:00:00
1088,252,1,2011-04-25 04:00:00
249,7604,-10,2013-03-30 04:00:00
1,300,1,2011-06-08 04:00:00
851,7603,1,2011-08-26 04:00:00
1259,74,5,2011-06-07 04:00:00
8,360,-1,2014-03-22 04:00:00
897,145,-1,2015-06-01 04:00:00
8,585,-1,2014-03-22 04:00:00
62,2314,1,2013-02-05 05:00:00
402,249,3,2011-02-10 05:00:00
15,267,-10,2013-07-17 04:00:00
534,7582,-10,2011-05-07 04:00:00
1739,256,3,2012-02-11 05:00:00
67,2247,1,2012-08-24 04:00:00
1711,26,1,2011-09-13 04:00:00
1,7425,-1,2012-05-12 04:00:00
358,288,2,2013-01-17 05:00:00
8,7490,-1,2014-02-10 05:00:00
19,158,1,2013-09-22 04:00:00
5,7485,-10,2013-11-28 05:00:00
1349,1348,1,2012-12-06 05:00:00
38,7579,-1,2012-06-20 04:00:00
491,7602,-10,2013-04-27 04:00:00
150,7598,-10,2013-03-28 04:00:00
22,7603,-5,2012-09-17 04:00:00
1419,1624,1,2011-05-07 04:00:00
85,15,-1,2014-12-07 05:00:00
43,5392,-1,2012-08-18 04:00:00
25,115,1,2013-06-18 04:00:00
530,225,5,2012-12-26 05:00:00
6,116,1,2013-02-05 05:00:00
272,7577,-10,2012-03-26 04:00:00
45,7571,-10,2011-06-14 04:00:00
5,7380,-10,2013-10-27 04:00:00
15,145,-10,2014-07-24 04:00:00
338,58,-10,2014-08-14 04:00:00
7512,3,2,2013-05-21 04:00:00
479,256,1,2011-12-23 05:00:00
85,1162,1,2012-09-18 04:00:00
2,7482,-10,2012-08-23 04:00:00
43,7598,-10,2013-03-26 04:00:00
7598,177,-10,2013-07-19 04:00:00
35,80,-5,2013-09-04 04:00:00
5342,1235,-5,2012-11-05 05:00:00
75,26,1,2012-02-17 05:00:00
7536,145,-10,2012-09-25 04:00:00
7,7590,-10,2012-10-16 04:00:00
3226,58,1,2013-05-01 04:00:00
9,7387,-5,2012-03-12 04:00:00
8,107,-1,2014-03-22 04:00:00
2487,7589,-1,2011-05-10 04:00:00
7536,159,-10,2012-09-25 04:00:00
885,29,1,2012-12-29 05:00:00
8,7352,-1,2014-02-25 05:00:00
995,1210,-4,2011-06-12 04:00:00
1781,137,1,2012-08-17 04:00:00
1691,7602,-10,2013-03-26 04:00:00
49,1560,1,2013-04-29 04:00:00
1003,79,1,2011-07-19 04:00:00
2231,7565,-10,2012-07-12 04:00:00
491,7603,-10,2012-11-11 05:00:00
7374,7564,-10,2011-06-15 04:00:00
26,7603,-10,2012-09-11 04:00:00
150,7601,-10,2013-03-28 04:00:00
9,7602,-10,2013-03-26 04:00:00
8,1883,-1,2014-01-25 05:00:00
386,4,1,2011-08-21 04:00:00
15,374,-1,2014-04-13 04:00:00
1,1180,1,2013-02-01 05:00:00
7,1760,-10,2014-04-27 04:00:00
1972,239,2,2011-05-25 04:00:00
350,801,1,2012-07-07 04:00:00
131,169,1,2011-05-18 04:00:00
252,7564,-3,2011-06-12 04:00:00
29,7426,1,2012-09-15 04:00:00
376,824,1,2014-04-20 04:00:00
7,177,-10,2013-06-17 04:00:00
371,24,1,2014-08-01 04:00:00
7599,177,-10,2013-07-19 04:00:00
185,288,2,2013-10-01 04:00:00
383,715,1,2011-05-23 04:00:00
78,7526,-10,2012-01-06 05:00:00
2382,7380,2,2013-08-07 04:00:00
1,625,1,2010-12-27 05:00:00
8,78,-1,2013-12-17 05:00:00
346,117,2,2012-01-18 05:00:00
11,7588,-10,2012-11-23 05:00:00
71,243,8,2013-01-25 05:00:00
24,3147,1,2013-03-12 04:00:00
43,7535,-10,2012-09-15 04:00:00
174,177,-10,2013-06-06 04:00:00
8,593,-1,2013-12-22 05:00:00
904,103,1,2014-10-28 04:00:00
8,883,-1,2014-03-31 04:00:00
215,327,2,2011-06-04 04:00:00
26,11,-10,2014-04-09 04:00:00
15,1249,-1,2014-11-27 05:00:00
288,185,10,2013-01-19 05:00:00
31,11,-2,2014-08-09 04:00:00
58,7591,-5,2014-09-07 04:00:00
177,798,-10,2013-01-21 05:00:00
26,166,3,2012-07-08 04:00:00
145,7593,-10,2012-04-14 04:00:00
553,7603,-10,2012-08-29 04:00:00
2336,7560,-2,2014-10-08 04:00:00
5342,7430,-10,2013-01-09 05:00:00
188,11,-1,2014-08-09 04:00:00
2675,79,1,2011-06-20 04:00:00
720,7546,-1,2011-06-20 04:00:00
1232,2,1,2011-05-06 04:00:00
7,7528,-5,2012-10-07 04:00:00
1531,68,1,2012-10-31 04:00:00
69,10,1,2012-03-13 04:00:00
30,7421,-10,2013-08-30 04:00:00
8,52,-1,2014-01-13 05:00:00
476,1660,1,2011-06-01 04:00:00
136,158,1,2014-05-15 04:00:00
8,7494,-1,2014-02-10 05:00:00
2233,491,2,2012-07-18 04:00:00
86,145,-1,2014-12-18 05:00:00
1020,7583,-1,2012-05-29 04:00:00
1064,49,2,2014-12-23 05:00:00
88,7328,-1,2013-12-10 05:00:00
8,7492,-1,2014-02-10 05:00:00
2267,13,1,2012-10-23 04:00:00
5342,7594,-10,2013-01-11 05:00:00
7601,7,-10,2013-07-19 04:00:00
8,754,-1,2014-07-30 04:00:00
125,496,1,2013-11-20 05:00:00
473,150,1,2011-05-12 04:00:00
1,1720,1,2011-08-19 04:00:00
2,11,-5,2014-09-29 04:00:00
1,804,1,2012-05-21 04:00:00
2336,19,-5,2014-05-04 04:00:00
49,177,-1,2013-05-13 04:00:00
7562,245,-10,2013-04-15 04:00:00
214,1750,1,2012-09-12 04:00:00
356,8,1,2013-04-04 04:00:00
2026,541,2,2011-06-08 04:00:00
614,7571,-1,2011-06-14 04:00:00
1564,58,1,2013-04-24 04:00:00
8,599,-1,2014-04-21 04:00:00
2554,615,2,2011-06-05 04:00:00
5342,7407,-5,2013-02-02 05:00:00
180,186,5,2014-10-07 04:00:00
11,85,-10,2014-03-02 05:00:00
781,928,8,2011-06-03 04:00:00
1834,12,1,2013-06-14 04:00:00
7558,7466,-10,2013-11-19 05:00:00
277,272,-1,2012-02-18 05:00:00
354,7564,-4,2012-09-06 04:00:00
512,109,3,2011-03-04 05:00:00
372,20,5,2012-06-16 04:00:00
2396,6369,-10,2013-11-21 05:00:00
194,530,2,2013-03-22 04:00:00
196,7604,-10,2013-04-16 04:00:00
11,12,5,2013-12-29 05:00:00
255,97,1,2011-11-11 05:00:00
43,7417,-10,2012-09-18 04:00:00
512,460,1,2011-02-19 05:00:00
7386,114,1,2015-12-17 05:00:00
269,7552,-10,2014-02-25 05:00:00
508,1957,1,2011-06-04 04:00:00
2671,1700,1,2011-06-23 04:00:00
27,706,1,2014-05-06 04:00:00
2293,498,1,2014-10-14 04:00:00
32,177,-1,2013-07-03 04:00:00
355,444,1,2011-05-13 04:00:00
1156,2,1,2013-10-16 04:00:00
496,7558,-1,2013-11-21 05:00:00
1925,16,2,2011-04-25 04:00:00
313,148,1,2011-05-08 04:00:00
173,26,1,2014-05-16 04:00:00
459,12,1,2013-09-03 04:00:00
188,7601,-10,2013-07-19 04:00:00
196,176,-10,2013-01-06 05:00:00
11,103,2,2013-11-12 05:00:00
24,484,3,2013-11-27 05:00:00
961,8,1,2012-07-04 04:00:00
306,452,1,2012-05-31 04:00:00
881,46,3,2012-12-14 05:00:00
988,3,1,2013-04-14 04:00:00
366,655,1,2011-04-14 04:00:00
177,24,2,2012-09-21 04:00:00
666,253,1,2014-04-10 04:00:00
866,2092,1,2011-06-26 04:00:00
25,7593,-10,2012-04-17 04:00:00
159,1140,1,2012-02-26 05:00:00
417,7512,-10,2014-07-13 04:00:00
708,498,-10,2014-08-19 04:00:00
52,798,-10,2012-05-19 04:00:00
135,7577,-1,2012-11-20 05:00:00
7604,7,-10,2013-07-19 04:00:00
79,18,1,2011-06-21 04:00:00
2281,373,1,2012-11-27 05:00:00
7565,159,-10,2012-09-25 04:00:00
954,285,3,2013-01-22 05:00:00
4,381,5,2011-06-12 04:00:00
641,973,2,2013-03-26 04:00:00
537,23,1,2011-05-04 04:00:00
24,211,1,2012-02-15 05:00:00
2,16,1,2013-08-18 04:00:00
1271,18,1,2011-06-26 04:00:00
5342,7482,-3,2012-09-07 04:00:00
1,155,1,2011-07-22 04:00:00
728,239,1,2011-06-15 04:00:00
88,7404,-5,2012-07-08 04:00:00
159,9,9,2012-07-04 04:00:00
34,7597,-10,2013-08-14 04:00:00
145,19,1,2014-09-12 04:00:00
314,28,10,2011-06-25 04:00:00
1380,2,3,2014-02-22 05:00:00
272,348,1,2012-05-10 04:00:00
19,7563,-10,2013-11-21 05:00:00
21,52,3,2012-08-11 04:00:00
168,4,4,2011-04-29 04:00:00
223,473,1,2011-05-19 04:00:00
9,7601,-10,2013-03-26 04:00:00
15,200,-10,2015-12-10 05:00:00
2336,7398,-1,2014-05-01 04:00:00
2887,51,1,2012-03-29 04:00:00
8,748,1,2012-12-17 05:00:00
12,826,-1,2014-11-03 05:00:00
125,7367,-1,2014-10-10 04:00:00
81,58,4,2014-02-08 05:00:00
19,12,7,2014-01-08 05:00:00
193,26,1,2011-11-07 05:00:00
133,798,-1,2012-05-24 04:00:00
73,155,1,2013-03-10 05:00:00
15,369,-3,2013-12-14 05:00:00
272,7593,-10,2012-04-11 04:00:00
43,7599,-10,2013-03-26 04:00:00
5,3206,1,2013-11-18 05:00:00
272,277,-1,2012-03-13 04:00:00
90,357,5,2011-08-12 04:00:00
740,7603,-10,2013-09-08 04:00:00
35,14,-1,2013-04-17 04:00:00
117,2908,1,2012-05-01 04:00:00
181,7582,-10,2011-05-10 04:00:00
5342,406,-3,2013-03-19 04:00:00
914,48,1,2011-08-15 04:00:00
1379,96,2,2014-07-23 04:00:00
847,23,3,2011-04-06 04:00:00
5,7516,-10,2013-11-08 05:00:00
491,7599,-10,2013-04-27 04:00:00
20,177,-1,2012-11-26 05:00:00
1760,7566,-10,2012-04-14 04:00:00
593,41,1,2012-07-23 04:00:00
5342,7405,-5,2013-02-02 05:00:00
3324,415,1,2013-11-21 05:00:00
5,7477,-10,2014-01-18 05:00:00
5342,109,-5,2013-03-02 05:00:00
8,457,-1,2014-03-24 04:00:00
7,7501,-3,2012-09-21 04:00:00
172,7604,-10,2013-03-27 04:00:00
135,177,1,2012-05-07 04:00:00
22,14,8,2012-11-22 05:00:00
5,1551,-1,2014-01-18 05:00:00
2354,597,1,2013-09-27 04:00:00
7461,7595,-10,2012-12-10 05:00:00
93,7342,-1,2013-06-11 04:00:00
12,7525,1,2013-05-14 04:00:00
15,7562,-10,2015-05-08 04:00:00
95,7598,-10,2013-07-19 04:00:00
125,95,-1,2014-12-02 05:00:00
5415,41,2,2012-08-20 04:00:00
2,769,2,2011-02-18 05:00:00
58,7532,-5,2014-08-14 04:00:00
3,93,4,2013-06-26 04:00:00
484,14,3,2012-01-06 05:00:00
24,7565,-1,2012-09-25 04:00:00
73,199,1,2012-12-07 05:00:00
6,492,1,2013-01-08 05:00:00
1777,166,1,2012-07-06 04:00:00
1957,39,1,2011-06-13 04:00:00
111,7604,-10,2013-03-29 04:00:00
1654,7546,-10,2011-06-25 04:00:00
1007,28,1,2011-06-05 04:00:00
15,185,-1,2014-07-30 04:00:00
8,7495,-1,2014-02-10 05:00:00
155,403,2,2011-07-30 04:00:00
7500,7482,1,2012-08-21 04:00:00
38,14,5,2012-05-22 04:00:00
279,375,1,2014-10-29 04:00:00
36,56,3,2013-01-21 05:00:00
1476,9,1,2011-10-21 04:00:00
13,7603,-10,2012-10-25 04:00:00
198,7527,-10,2012-12-10 05:00:00
7,191,1,2014-11-22 05:00:00
118,214,1,2013-08-02 04:00:00
251,354,3,2011-04-05 04:00:00
8,885,-1,2013-12-15 05:00:00
289,12,1,2013-12-14 05:00:00
177,7517,-10,2012-10-02 04:00:00
7602,26,-10,2013-07-19 04:00:00
1691,287,-3,2012-11-25 05:00:00
30,296,-10,2014-08-23 04:00:00
245,7497,-10,2014-08-26 04:00:00
66,10,1,2012-02-28 05:00:00
498,7560,-1,2014-07-05 04:00:00
951,142,1,2012-09-10 04:00:00
358,7604,-10,2013-04-12 04:00:00
1227,7552,3,2011-05-05 04:00:00
2208,35,2,2012-07-05 04:00:00
11,7525,-10,2013-07-28 04:00:00
16,40,3,2012-05-17 04:00:00
498,302,-1,2014-07-24 04:00:00
536,84,1,2011-05-07 04:00:00
7602,7600,10,2013-03-26 04:00:00
2336,7385,-5,2014-12-28 05:00:00
124,73,9,2012-12-09 05:00:00
278,7565,-10,2012-11-01 04:00:00
2336,233,3,2014-04-24 04:00:00
148,7603,-10,2012-09-17 04:00:00
5342,294,-3,2012-10-19 04:00:00
43,173,-10,2014-07-29 04:00:00
1,2904,1,2012-04-25 04:00:00
1306,18,7,2012-07-25 04:00:00
8,204,-1,2014-03-21 04:00:00
396,331,1,2012-12-06 05:00:00
7564,1249,-10,2011-06-20 04:00:00
102,1244,4,2011-05-30 04:00:00
348,307,1,2013-04-09 04:00:00
1393,164,-1,2014-12-29 05:00:00
15,3428,-1,2015-03-17 04:00:00
1227,7401,-10,2011-07-14 04:00:00
377,3413,1,2014-11-07 05:00:00
411,75,1,2012-07-01 04:00:00
83,7600,-8,2012-10-27 04:00:00
967,7581,-5,2013-01-18 05:00:00
51,370,1,2012-02-17 05:00:00
2311,177,1,2013-01-19 05:00:00
7386,337,-1,2015-12-17 05:00:00
245,177,-10,2014-08-26 04:00:00
9,1721,2,2011-09-15 04:00:00
85,7604,-10,2013-03-25 04:00:00
61,3098,1,2012-12-28 05:00:00
15,11,-1,2013-01-16 05:00:00
9,7537,-10,2012-09-28 04:00:00
2179,10,3,2012-03-01 05:00:00
7517,145,-10,2012-09-25 04:00:00
174,391,1,2013-03-07 05:00:00
29,122,2,2012-09-06 04:00:00
485,187,1,2012-01-21 05:00:00
614,259,1,2012-09-17 04:00:00
708,116,-1,2014-04-02 04:00:00
68,7600,-10,2013-03-25 04:00:00
1760,1148,1,2012-04-16 04:00:00
3180,7327,-10,2013-04-23 04:00:00
5342,686,-1,2013-01-02 05:00:00
8,1162,-1,2014-03-20 04:00:00
2336,2293,-2,2014-10-14 04:00:00
64,7415,-2,2013-12-07 05:00:00
1032,25,1,2012-03-27 04:00:00
85,703,-1,2013-12-19 05:00:00
162,156,1,2012-10-15 04:00:00
1683,7524,-10,2011-06-09 04:00:00
43,7513,-10,2012-09-15 04:00:00
173,363,1,2014-05-20 04:00:00
498,358,-1,2015-01-01 05:00:00
85,7599,-10,2013-03-29 04:00:00
614,1108,1,2011-05-27 04:00:00
24,7377,-5,2014-03-07 05:00:00
244,7584,-10,2013-01-24 05:00:00
498,708,-1,2014-08-20 04:00:00
493,95,3,2013-02-23 05:00:00
58,165,2,2014-08-12 04:00:00
197,56,1,2013-03-26 04:00:00
159,7589,-10,2011-05-09 04:00:00
8,148,-1,2014-06-08 04:00:00
494,26,1,2013-05-19 04:00:00
89,160,5,2012-08-16 04:00:00
7512,703,1,2012-12-20 05:00:00
179,177,-10,2014-06-21 04:00:00
7568,125,-10,2014-04-29 04:00:00
105,118,2,2014-01-30 05:00:00
177,487,3,2012-12-14 05:00:00
860,18,8,2011-07-04 04:00:00
391,8,3,2013-07-17 04:00:00
580,1001,1,2011-06-26 04:00:00
15,3372,-1,2015-08-07 04:00:00
577,7576,-5,2011-06-14 04:00:00
2634,176,-1,2012-11-21 05:00:00
22,2079,1,2011-09-09 04:00:00
937,7551,-5,2012-12-30 05:00:00
7517,159,-10,2012-09-25 04:00:00
371,523,1,2013-02-05 05:00:00
647,7544,-5,2014-08-14 04:00:00
440,110,4,2012-02-09 05:00:00
7595,174,2,2013-02-20 05:00:00
30,7536,-10,2012-09-25 04:00:00
2529,795,10,2011-10-31 04:00:00
11,798,-10,2012-05-07 04:00:00
53,7463,-10,2012-12-21 05:00:00
22,122,2,2012-09-28 04:00:00
323,215,1,2011-06-04 04:00:00
7,43,-4,2013-01-29 05:00:00
11,735,1,2011-10-10 04:00:00
33,841,1,2011-08-16 04:00:00
9,7565,-5,2012-09-23 04:00:00
85,177,-10,2014-04-09 04:00:00
5029,7564,-10,2012-01-23 05:00:00
43,7378,-3,2012-09-15 04:00:00
1471,7603,1,2011-08-03 04:00:00
15,7312,-1,2015-06-22 04:00:00
77,39,3,2011-07-19 04:00:00
7598,188,-10,2013-07-19 04:00:00
925,676,1,2011-06-09 04:00:00
228,124,-10,2013-03-26 04:00:00
424,645,-10,2013-08-31 04:00:00
2,7500,-10,2012-08-23 04:00:00
95,103,-1,2014-05-29 04:00:00
158,3386,1,2014-07-07 04:00:00
824,55,-2,2014-08-16 04:00:00
92,648,1,2013-04-15 04:00:00
15,19,-1,2015-01-24 05:00:00
87,7542,-10,2013-12-09 05:00:00
7536,166,-10,2012-09-25 04:00:00
114,70,1,2014-03-03 05:00:00
270,7455,-10,2011-11-13 05:00:00
417,7591,-5,2014-09-11 04:00:00
349,144,5,2013-12-19 05:00:00
188,7598,-10,2013-07-19 04:00:00
830,2336,1,2014-07-16 04:00:00
259,19,1,2013-11-05 05:00:00
3038,13,1,2012-10-16 04:00:00
52,361,1,2012-03-22 04:00:00
1691,113,-10,2014-03-18 04:00:00
8,597,-1,2014-05-08 04:00:00
47,7599,-10,2013-03-27 04:00:00
8,591,-1,2014-04-27 04:00:00
254,7394,2,2011-06-12 04:00:00
171,1738,1,2013-05-06 04:00:00
7603,1723,3,2012-05-24 04:00:00
7,1731,1,2012-03-02 05:00:00
1581,894,3,2013-09-14 04:00:00
19,302,3,2014-08-19 04:00:00
5,759,-10,2013-11-27 05:00:00
1161,392,3,2012-07-17 04:00:00
177,2280,-9,2013-01-05 05:00:00
9,35,2,2011-10-18 04:00:00
28,2029,1,2011-06-06 04:00:00
824,2828,-1,2014-05-19 04:00:00
58,7544,-5,2014-08-14 04:00:00
249,103,1,2014-10-08 04:00:00
108,382,2,2011-05-10 04:00:00
15,7161,1,2014-07-05 04:00:00
16,1090,1,2011-04-27 04:00:00
264,2126,1,2011-10-01 04:00:00
81,627,1,2013-05-28 04:00:00
104,288,-10,2015-01-19 05:00:00
90,405,1,2011-07-17 04:00:00
16,72,2,2013-06-04 04:00:00
155,7415,-1,2013-12-01 05:00:00
69,487,2,2012-04-01 04:00:00
10,113,-1,2013-05-29 04:00:00
14,15,-10,2013-03-28 04:00:00
647,7503,-1,2014-08-18 04:00:00
255,264,1,2011-10-01 04:00:00
7,7513,-10,2012-09-18 04:00:00
442,7402,-10,2011-05-09 04:00:00
8,707,-1,2014-06-10 04:00:00
37,1025,1,2011-12-22 05:00:00
85,95,2,2014-09-16 04:00:00
190,7580,-1,2012-09-25 04:00:00
29,177,-4,2013-10-03 04:00:00
366,4,2,2011-04-19 04:00:00
759,103,1,2013-08-06 04:00:00
171,83,1,2012-06-18 04:00:00
5342,7427,-10,2012-12-03 05:00:00
647,11,-3,2014-12-05 05:00:00
8,7423,-1,2013-12-01 05:00:00
249,656,-10,2013-02-01 05:00:00
125,68,-1,2014-10-10 04:00:00
188,7540,-10,2012-12-01 05:00:00
7599,7,-10,2013-07-19 04:00:00
8,7408,-5,2013-11-27 05:00:00
1181,738,3,2013-04-08 04:00:00
188,73,-1,2013-02-24 05:00:00
373,395,1,2012-11-22 05:00:00
125,11,-10,2014-12-03 05:00:00
188,815,-1,2013-01-03 05:00:00
33,88,2,2013-04-10 04:00:00
245,6,1,2014-08-25 04:00:00
15,698,1,2013-01-27 05:00:00
48,914,3,2011-08-15 04:00:00
30,7380,-5,2013-10-14 04:00:00
375,85,-1,2014-12-22 05:00:00
945,304,1,2011-11-29 05:00:00
176,7603,-1,2012-09-16 04:00:00
8,3129,-1,2014-01-03 05:00:00
169,365,3,2011-05-18 04:00:00
281,96,1,2014-05-12 04:00:00
114,3369,-1,2014-11-27 05:00:00
1803,46,1,2012-10-14 04:00:00
1256,866,2,2011-06-23 04:00:00
14,392,5,2012-05-13 04:00:00
26,348,3,2012-06-18 04:00:00
791,7414,-10,2011-07-17 04:00:00
69,257,1,2012-03-12 04:00:00
199,257,-10,2013-02-03 05:00:00
196,22,3,2013-01-20 05:00:00
206,7550,-2,2013-12-14 05:00:00
7579,22,-1,2012-04-08 04:00:00
491,7604,-10,2013-04-27 04:00:00
664,14,1,2011-12-12 05:00:00
105,185,-4,2014-02-28 05:00:00
73,7525,-10,2013-07-22 04:00:00
286,7399,-2,2014-08-09 04:00:00
699,89,3,2012-11-21 05:00:00
7529,656,-10,2012-11-01 04:00:00
117,796,-1,2012-03-05 05:00:00
7328,145,-10,2011-07-02 04:00:00
109,670,2,2011-06-03 04:00:00
155,544,2,2011-08-13 04:00:00
5,3231,1,2013-05-13 04:00:00
1309,88,1,2012-06-15 04:00:00
1377,144,5,2013-10-11 04:00:00
7509,5342,-10,2013-04-03 04:00:00
95,2369,-10,2014-08-22 04:00:00
174,7595,-1,2013-04-22 04:00:00
145,7588,-5,2012-08-19 04:00:00
113,1,4,2011-07-22 04:00:00
13,7550,-10,2013-12-14 05:00:00
88,129,1,2011-06-17 04:00:00
66,7603,-2,2012-09-11 04:00:00
47,7598,-10,2013-03-27 04:00:00
909,1960,1,2011-05-14 04:00:00
7,536,-4,2013-08-31 04:00:00
396,95,1,2012-11-06 05:00:00
211,7592,-10,2012-01-31 05:00:00
663,217,1,2011-05-26 04:00:00
1691,7574,-10,2013-02-12 05:00:00
100,1694,1,2011-06-17 04:00:00
1606,1,2,2011-04-06 04:00:00
7520,7414,3,2011-06-14 04:00:00
1976,2578,1,2011-06-04 04:00:00
37,7564,-10,2011-06-28 04:00:00
68,7598,-10,2013-03-26 04:00:00
937,7594,-5,2013-01-11 05:00:00
73,7595,-1,2013-03-30 04:00:00
12,3281,1,2013-07-29 04:00:00
613,8,1,2012-07-02 04:00:00
30,7565,-10,2014-05-14 04:00:00
30,7391,-5,2013-10-18 04:00:00
7536,7553,-10,2012-09-25 04:00:00
2097,18,1,2011-09-07 04:00:00
7372,2493,1,2011-05-15 04:00:00
562,1466,1,2011-06-23 04:00:00
188,7600,-10,2012-09-14 04:00:00
9,1472,-1,2011-09-22 04:00:00
95,7581,-10,2013-01-24 05:00:00
8,5679,-2,2014-03-24 04:00:00
3277,151,2,2013-08-21 04:00:00
38,2139,1,2012-01-04 05:00:00
701,1,1,2012-11-18 05:00:00
157,7600,-10,2014-04-18 04:00:00
15,188,-10,2012-04-08 04:00:00
5342,7509,-8,2013-04-04 04:00:00
2,7577,-10,2012-04-02 04:00:00
2336,85,-3,2014-12-22 05:00:00
70,7565,-1,2012-08-27 04:00:00
5,416,-10,2014-08-18 04:00:00
8,1043,-1,2014-04-21 04:00:00
933,7579,-2,2012-06-20 04:00:00
128,7597,-10,2013-08-12 04:00:00
5342,7584,-4,2013-01-23 05:00:00
49,10,1,2013-05-07 04:00:00
22,1218,1,2011-09-09 04:00:00
8,7475,-10,2013-12-12 05:00:00
8,7356,-1,2014-02-11 05:00:00
269,7415,-10,2014-02-11 05:00:00
86,7552,-10,2014-02-26 05:00:00
5,7578,-10,2014-09-03 04:00:00
1018,10,1,2011-06-21 04:00:00
173,42,1,2013-11-21 05:00:00
1134,7603,-10,2012-09-05 04:00:00
470,16,3,2011-04-16 04:00:00
154,7604,-10,2013-04-16 04:00:00
68,7601,-10,2013-03-26 04:00:00
332,124,-10,2013-03-26 04:00:00
687,7577,1,2012-02-20 05:00:00
7,7505,-10,2012-09-15 04:00:00
272,798,-10,2012-05-24 04:00:00
596,191,1,2013-06-23 04:00:00
39,7533,-10,2011-06-14 04:00:00
11,7595,-10,2013-05-06 04:00:00
5,7457,-10,2013-06-28 04:00:00
155,203,1,2013-03-30 04:00:00
373,7338,-1,2012-11-05 05:00:00
85,107,1,2012-06-30 04:00:00
115,197,1,2013-05-02 04:00:00
5342,84,-3,2012-10-23 04:00:00
16,2206,1,2012-06-17 04:00:00
2848,1,1,2012-02-23 05:00:00
1156,522,1,2012-06-13 04:00:00
3254,309,1,2013-07-21 04:00:00
85,601,1,2014-01-30 05:00:00
278,41,2,2012-09-20 04:00:00
25,1830,1,2013-03-13 04:00:00
5,7550,-10,2013-12-15 05:00:00
8,3400,1,2014-09-10 04:00:00
89,516,1,2011-07-04 04:00:00
21,62,3,2012-07-16 04:00:00
15,7577,-3,2012-03-15 04:00:00
10,22,3,2012-08-19 04:00:00
355,2,1,2011-05-02 04:00:00
2336,1388,-5,2014-10-08 04:00:00
96,111,1,2014-06-07 04:00:00
7514,7604,-10,2013-04-16 04:00:00
295,153,1,2012-08-23 04:00:00
2213,161,1,2012-05-28 04:00:00
7585,12,1,2013-09-30 04:00:00
7584,244,-10,2013-01-24 05:00:00
5,7480,-10,2014-08-16 04:00:00
374,154,1,2013-06-19 04:00:00
739,1144,1,2012-03-19 04:00:00
182,366,1,2011-05-21 04:00:00
1691,7598,-10,2013-03-27 04:00:00
403,2699,1,2011-07-03 04:00:00
174,775,-1,2013-06-18 04:00:00
5,7521,-10,2014-02-25 05:00:00
85,2336,-2,2014-12-23 05:00:00
104,832,1,2014-02-25 05:00:00
6166,1176,1,2013-04-20 04:00:00
170,7604,-10,2013-04-02 04:00:00
21,2,1,2011-04-27 04:00:00
1159,973,-1,2013-04-21 04:00:00
430,7509,-2,2013-04-04 04:00:00
1691,7595,-10,2013-03-18 04:00:00
1272,98,3,2012-06-05 04:00:00
290,397,1,2013-09-29 04:00:00
177,7599,-10,2013-03-26 04:00:00
319,7410,2,2012-05-30 04:00:00
48,131,7,2011-08-17 04:00:00
485,149,1,2012-01-21 05:00:00
2218,956,1,2012-07-11 04:00:00
1421,30,1,2013-11-01 04:00:00
5342,7600,-10,2012-12-11 05:00:00
8,665,-1,2013-12-01 05:00:00
8,452,-1,2014-03-22 04:00:00
52,7565,2,2012-04-14 04:00:00
332,145,-1,2013-09-25 04:00:00
863,1124,1,2011-06-14 04:00:00
28,1450,2,2011-06-11 04:00:00
3,3254,2,2013-07-13 04:00:00
1427,132,1,2011-07-04 04:00:00
95,7497,-1,2014-08-25 04:00:00
7,7483,-10,2012-09-15 04:00:00
1,1500,1,2012-04-19 04:00:00
32,203,2,2012-08-30 04:00:00
7550,798,-10,2013-02-01 05:00:00
491,20,3,2013-07-27 04:00:00
3002,7,1,2012-12-24 05:00:00
15,7368,-1,2014-12-04 05:00:00
11,7573,-10,2012-03-11 05:00:00
188,1762,-1,2012-07-05 04:00:00
491,7601,-10,2013-04-27 04:00:00
491,2336,-2,2014-08-17 04:00:00
542,7557,-5,2011-08-05 04:00:00
1948,50,2,2011-05-19 04:00:00
7,645,2,2013-03-28 04:00:00
80,747,1,2012-07-16 04:00:00
330,7555,-10,2012-11-22 05:00:00
309,5,2,2013-10-30 04:00:00
88,177,-10,2013-05-05 04:00:00
586,20,3,2011-09-09 04:00:00
53,375,1,2014-06-23 04:00:00
3097,7389,-10,2012-12-24 05:00:00
43,1778,1,2012-06-09 04:00:00
712,1676,1,2011-06-06 04:00:00
8,7558,-5,2013-11-27 05:00:00
1153,7411,-10,2012-08-20 04:00:00
648,58,1,2013-04-11 04:00:00
244,177,-10,2013-04-05 04:00:00
804,204,2,2012-06-01 04:00:00
47,15,-10,2015-05-25 04:00:00
70,149,1,2012-08-24 04:00:00
4,7596,-10,2011-06-14 04:00:00
720,105,1,2013-11-18 05:00:00
100,133,3,2012-05-22 04:00:00
65,516,1,2011-12-06 05:00:00
5533,13,-10,2012-09-25 04:00:00
109,779,2,2011-05-25 04:00:00
37,7448,-10,2011-06-29 04:00:00
8,7358,-1,2014-02-14 05:00:00
304,20,1,2012-05-24 04:00:00
4,1088,2,2011-05-01 04:00:00
7565,5342,-10,2012-08-14 04:00:00
988,7596,-10,2011-06-06 04:00:00
62,1781,1,2012-09-10 04:00:00
8,1579,-1,2014-02-17 05:00:00
83,7566,1,2012-04-14 04:00:00
548,1157,1,2012-08-23 04:00:00
255,35,2,2011-12-19 05:00:00
705,488,1,2013-04-13 04:00:00
681,9,-5,2011-11-07 05:00:00
179,7598,-10,2013-03-26 04:00:00
3133,774,1,2013-04-22 04:00:00
1884,459,1,2013-11-18 05:00:00
8,1195,-1,2013-12-09 05:00:00
8,613,-2,2014-01-02 05:00:00
179,7599,-10,2013-03-26 04:00:00
25,295,1,2012-07-28 04:00:00
2552,1,2,2011-06-12 04:00:00
177,1051,1,2012-12-21 05:00:00
58,125,2,2014-07-20 04:00:00
155,7547,-10,2011-09-02 04:00:00
745,519,2,2012-06-05 04:00:00
188,7551,-9,2013-05-06 04:00:00
253,7557,-10,2011-08-05 04:00:00
7,7594,-10,2013-01-11 05:00:00
152,672,2,2011-09-14 04:00:00
174,7343,-1,2013-07-05 04:00:00
1024,7575,-10,2013-12-04 05:00:00
815,7581,-10,2013-01-18 05:00:00
164,174,2,2013-12-09 05:00:00
8,547,-1,2014-04-21 04:00:00
156,7604,-10,2013-05-21 04:00:00
24,29,2,2013-06-17 04:00:00
5,7575,-10,2013-12-21 05:00:00
233,269,-1,2014-04-24 04:00:00
403,851,1,2011-05-30 04:00:00
5,7503,-10,2014-08-18 04:00:00
38,7456,-10,2012-02-05 05:00:00
5,2397,-1,2013-11-25 05:00:00
17,284,3,2012-05-27 04:00:00
914,677,2,2011-06-12 04:00:00
678,7327,1,2011-06-10 04:00:00
599,229,2,2013-04-09 04:00:00
15,7366,-1,2014-10-10 04:00:00
449,4,1,2011-06-02 04:00:00
1362,3,4,2013-03-14 04:00:00
9,1292,-1,2011-12-16 05:00:00
7558,650,1,2013-11-18 05:00:00
690,455,5,2012-07-27 04:00:00
1887,432,2,2013-12-16 05:00:00
2836,793,1,2012-01-17 05:00:00
35,70,-1,2012-09-25 04:00:00
130,7604,-10,2013-04-04 04:00:00
2022,28,3,2011-06-05 04:00:00
161,635,3,2012-05-28 04:00:00
2510,1105,1,2011-05-16 04:00:00
5342,516,-3,2013-03-08 05:00:00
499,605,1,2015-04-26 04:00:00
118,5,2,2013-11-08 05:00:00
2407,348,1,2014-02-21 05:00:00
403,939,1,2011-08-23 04:00:00
5,7522,-10,2014-08-14 04:00:00
284,2153,1,2012-05-30 04:00:00
1,7589,-1,2011-05-10 04:00:00
68,3099,1,2013-01-06 05:00:00
65,7572,-10,2011-07-06 04:00:00
86,7386,-1,2015-12-19 05:00:00
173,7559,-10,2014-02-13 05:00:00
654,382,1,2011-05-11 04:00:00
168,7602,-10,2013-03-29 04:00:00
116,7604,-10,2013-08-16 04:00:00
635,486,5,2012-03-24 04:00:00
168,7604,-10,2013-03-27 04:00:00
115,97,1,2013-05-28 04:00:00
1917,16,1,2011-04-16 04:00:00
26,231,1,2011-07-14 04:00:00
2347,288,1,2013-04-08 04:00:00
96,7595,-10,2013-04-25 04:00:00
166,7536,-10,2012-09-26 04:00:00
689,801,2,2012-06-26 04:00:00
7518,9,-2,2012-10-13 04:00:00
70,491,-1,2012-11-11 05:00:00
3270,7436,-10,2013-12-17 05:00:00
2380,7549,-10,2014-07-16 04:00:00
1526,331,5,2012-10-30 04:00:00
7375,255,1,2012-02-20 05:00:00
1218,2608,1,2011-06-09 04:00:00
39,7550,1,2011-08-09 04:00:00
113,9,3,2011-11-23 05:00:00
91,54,8,2011-03-28 04:00:00
279,177,-1,2014-04-14 04:00:00
7565,145,-10,2012-09-25 04:00:00
280,11,1,2013-05-24 04:00:00
10,117,-1,2012-04-29 04:00:00
1243,7508,-10,2011-05-27 04:00:00
1810,13,1,2012-11-17 05:00:00
50,182,4,2011-05-31 04:00:00
65,7570,-10,2011-07-08 04:00:00
854,7603,-10,2012-10-19 04:00:00
503,200,1,2011-04-08 04:00:00
12,100,3,2013-07-08 04:00:00
10,946,1,2012-06-17 04:00:00
2336,469,-9,2015-01-21 05:00:00
404,661,2,2011-05-13 04:00:00
920,45,1,2011-06-05 04:00:00
24,190,-5,2014-09-09 04:00:00
1332,2235,1,2012-08-02 04:00:00
383,2547,1,2011-05-30 04:00:00
65,7596,-10,2011-06-16 04:00:00
192,85,-1,2014-12-22 05:00:00
656,25,2,2012-09-08 04:00:00
128,545,2,2013-11-19 05:00:00
330,7604,-5,2013-03-26 04:00:00
17,156,2,2012-03-20 04:00:00
467,75,1,2011-05-27 04:00:00
174,822,1,2013-07-27 04:00:00
475,724,1,2011-06-16 04:00:00
89,7439,-10,2011-06-12 04:00:00
1197,1,1,2013-11-23 05:00:00
37,7371,-8,2011-06-29 04:00:00
2336,145,-6,2014-12-16 05:00:00
1691,177,-10,2013-06-30 04:00:00
34,1863,2,2014-01-02 05:00:00
4,231,-1,2011-07-21 04:00:00
111,7539,-10,2012-11-08 05:00:00
272,7534,-10,2012-03-13 04:00:00
906,7325,-1,2015-11-01 04:00:00
1078,23,1,2011-03-12 05:00:00
13,7429,-10,2012-12-29 05:00:00
272,7566,-10,2012-04-24 04:00:00
49,242,1,2013-09-25 04:00:00
7476,876,-10,2013-12-15 05:00:00
1930,7569,-10,2011-05-03 04:00:00
8,209,-1,2014-07-08 04:00:00
3002,7594,-10,2013-01-11 05:00:00
265,10,2,2012-06-17 04:00:00
2336,82,-2,2014-08-12 04:00:00
156,256,2,2012-01-14 05:00:00
2369,95,-10,2014-08-22 04:00:00
217,663,1,2011-05-26 04:00:00
38,71,5,2012-06-22 04:00:00
2787,7403,-10,2012-06-20 04:00:00
2526,137,10,2011-05-19 04:00:00
93,158,1,2013-06-30 04:00:00
245,1186,1,2013-04-06 04:00:00
587,177,1,2012-08-19 04:00:00
26,52,3,2012-06-30 04:00:00
2336,222,-3,2014-07-20 04:00:00
888,1,7,2013-04-11 04:00:00
7535,7513,8,2012-09-15 04:00:00
2093,1,1,2011-09-22 04:00:00
139,7603,-10,2012-09-04 04:00:00
360,876,1,2012-09-18 04:00:00
824,302,-2,2014-08-05 04:00:00
222,150,-2,2014-07-20 04:00:00
91,7546,-10,2011-06-20 04:00:00
7,7417,-10,2012-09-18 04:00:00
443,2491,1,2011-05-11 04:00:00
95,288,-2,2014-12-12 05:00:00
1162,278,1,2012-09-18 04:00:00
1527,700,1,2012-10-26 04:00:00
4,361,2,2012-02-27 05:00:00
1743,9,-2,2012-02-04 05:00:00
791,7520,-10,2011-07-17 04:00:00
87,133,-1,2014-01-27 05:00:00
596,1,1,2012-12-02 05:00:00
111,7599,-10,2013-03-29 04:00:00
11,7593,-10,2012-04-21 04:00:00
7604,95,-10,2013-07-19 04:00:00
8,7485,-1,2013-12-01 05:00:00
33,540,2,2011-06-06 04:00:00
22,452,1,2011-09-08 04:00:00
792,7453,-10,2011-08-03 04:00:00
8,229,-1,2013-12-05 05:00:00
958,798,2,2012-05-02 04:00:00
762,641,-10,2014-03-02 05:00:00
237,167,1,2011-04-15 04:00:00
7,7568,-8,2014-05-12 04:00:00
1159,7599,-10,2013-03-29 04:00:00
7442,2216,1,2012-05-27 04:00:00
166,7565,-10,2012-09-26 04:00:00
824,7415,-1,2014-02-19 05:00:00
798,2185,1,2012-03-17 04:00:00
211,9,5,2012-03-13 04:00:00
3109,221,1,2013-01-28 05:00:00
19,96,1,2014-05-31 04:00:00
8,758,-1,2013-12-06 05:00:00
2244,32,1,2012-10-05 04:00:00
135,136,1,2013-07-13 04:00:00
8,7354,-1,2014-02-11 05:00:00
95,7599,-10,2013-07-19 04:00:00
30,33,1,2012-08-11 04:00:00
95,177,-1,2013-06-27 04:00:00
7565,166,-10,2012-09-25 04:00:00
1577,336,1,2013-07-04 04:00:00
375,7591,-10,2014-09-03 04:00:00
8,7359,-1,2014-02-14 05:00:00
202,4,2,2011-05-27 04:00:00
327,1638,1,2011-06-09 04:00:00
114,145,-1,2014-09-29 04:00:00
2193,117,1,2012-04-04 04:00:00
7398,7328,-10,2013-12-10 05:00:00
188,177,-10,2013-07-19 04:00:00
90,175,1,2011-07-17 04:00:00
88,7543,-10,2013-12-10 05:00:00
478,101,2,2011-06-05 04:00:00
8,393,-1,2014-05-04 04:00:00
2048,7561,-10,2011-06-28 04:00:00
207,7595,-10,2013-04-12 04:00:00
157,7604,-10,2014-04-18 04:00:00
72,362,-3,2014-03-07 05:00:00
1134,7580,-5,2012-10-10 04:00:00
233,3428,-2,2015-05-02 04:00:00
8,7360,-1,2014-02-14 05:00:00
595,1032,1,2012-09-28 04:00:00
104,7603,-1,2014-06-01 04:00:00
281,906,1,2015-11-18 05:00:00
7599,188,-10,2013-07-19 04:00:00
3,295,1,2013-06-28 04:00:00
69,7592,-10,2012-01-31 05:00:00
8,696,-1,2014-03-23 04:00:00
281,2435,2,2015-10-09 04:00:00
941,26,1,2012-06-07 04:00:00
273,236,3,2011-05-13 04:00:00
1236,263,5,2011-05-13 04:00:00
8,2955,1,2012-06-19 04:00:00
212,667,2,2011-08-04 04:00:00
5342,323,-3,2013-03-19 04:00:00
409,7603,1,2011-11-26 05:00:00
369,2042,2,2011-06-08 04:00:00
1662,65,1,2011-06-02 04:00:00
7,11,-8,2014-04-09 04:00:00
7419,88,-10,2013-11-14 05:00:00
285,7588,-6,2012-08-19 04:00:00
7340,151,-5,2013-01-02 05:00:00
216,2074,2,2011-06-21 04:00:00
1616,84,1,2011-05-13 04:00:00
4,7582,-1,2011-05-07 04:00:00
1230,134,4,2013-08-02 04:00:00
93,177,-10,2013-06-30 04:00:00
8,739,-1,2014-04-20 04:00:00
8,1794,-1,2014-03-24 04:00:00
474,357,2,2011-06-05 04:00:00
12,651,3,2014-06-26 04:00:00
647,7523,-5,2014-08-14 04:00:00
67,17,1,2012-03-18 04:00:00
4,211,-5,2012-07-30 04:00:00
27,177,1,2013-03-04 05:00:00
791,7564,-10,2011-07-18 04:00:00
3361,58,1,2014-03-02 05:00:00
1726,733,1,2011-10-11 04:00:00
134,325,3,2013-03-20 04:00:00
85,7,1,2013-11-20 05:00:00
32,798,-1,2012-05-17 04:00:00
2,7603,-10,2014-09-29 04:00:00
7586,5342,-10,2012-10-30 04:00:00
93,7469,-10,2013-09-04 04:00:00
105,7585,-10,2013-11-24 05:00:00
2336,7604,-8,2014-08-11 04:00:00
8,309,-1,2014-06-02 04:00:00
1159,7604,-10,2013-04-04 04:00:00
1524,7590,-10,2012-10-14 04:00:00
196,177,-10,2013-07-19 04:00:00
1624,2193,1,2012-04-01 04:00:00
1762,1276,1,2012-06-26 04:00:00
177,7601,-10,2013-03-26 04:00:00
2,268,1,2012-08-20 04:00:00
545,49,1,2013-08-28 04:00:00
1,347,1,2012-02-14 05:00:00
293,389,1,2011-02-03 05:00:00
1380,7346,-1,2013-11-10 05:00:00
647,204,-1,2014-03-21 04:00:00
2336,7393,-2,2014-10-18 04:00:00
510,181,2,2011-06-16 04:00:00
316,7592,-10,2012-02-01 05:00:00
645,81,1,2013-04-16 04:00:00
2148,117,1,2011-12-22 05:00:00
7565,7553,-10,2012-09-25 04:00:00
87,1045,1,2014-01-28 05:00:00
15,469,-10,2015-05-13 04:00:00
686,170,4,2012-03-01 05:00:00
194,798,-1,2012-02-20 05:00:00
5,946,-10,2013-11-26 05:00:00
154,593,1,2012-07-13 04:00:00
186,378,5,2014-09-18 04:00:00
9,7568,-1,2014-04-29 04:00:00
119,148,2,2011-02-15 05:00:00
17,728,2,2012-05-05 04:00:00
93,7468,-10,2013-07-01 04:00:00
35,7562,-1,2013-04-17 04:00:00
332,73,1,2012-12-06 05:00:00
49,666,1,2013-08-19 04:00:00
237,7590,-10,2012-10-14 04:00:00
109,167,1,2011-06-08 04:00:00
121,2118,1,2011-08-25 04:00:00
30,7341,-10,2013-09-11 04:00:00
2228,18,3,2012-06-22 04:00:00
2336,905,-2,2014-12-09 05:00:00
328,670,1,2011-06-08 04:00:00
536,7596,-10,2011-06-06 04:00:00
9,26,1,2012-02-29 05:00:00
144,1561,2,2014-06-01 04:00:00
93,7550,-10,2013-07-19 04:00:00
105,7575,-10,2013-12-04 05:00:00
708,7492,-10,2014-02-10 05:00:00
1568,7597,-10,2013-08-14 04:00:00
2475,774,3,2011-05-04 04:00:00
25,7548,-1,2012-10-02 04:00:00
269,177,-10,2014-02-11 05:00:00
60,1504,2,2012-05-08 04:00:00
193,7332,-1,2012-04-15 04:00:00
75,411,1,2012-07-01 04:00:00
278,166,1,2012-08-10 04:00:00
332,7337,-1,2012-12-05 05:00:00
80,7598,-10,2013-03-30 04:00:00
190,7400,-10,2012-06-09 04:00:00
3,81,2,2013-04-05 04:00:00
1,2845,1,2012-02-16 05:00:00
23,503,1,2011-04-06 04:00:00
647,7532,-5,2014-08-14 04:00:00
8,752,-1,2014-04-20 04:00:00
188,157,-1,2013-02-15 05:00:00
1625,340,1,2011-05-24 04:00:00
72,6369,2,2013-06-04 04:00:00
159,7565,-10,2012-09-07 04:00:00
130,1430,1,2011-05-30 04:00:00
2336,491,-3,2014-08-17 04:00:00
103,56,2,2013-02-18 05:00:00
7598,7,-10,2013-07-19 04:00:00
306,17,2,2012-06-07 04:00:00
7594,188,-10,2013-01-11 05:00:00
1955,194,1,2011-06-02 04:00:00
3264,29,1,2013-07-02 04:00:00
7604,53,10,2013-03-28 04:00:00
155,64,1,2013-09-16 04:00:00
35,7384,-1,2014-11-03 05:00:00
5342,7373,-10,2012-12-05 05:00:00
5342,7588,-10,2013-01-03 05:00:00
85,7579,-10,2013-05-31 04:00:00
7587,16,2,2011-06-09 04:00:00
115,219,4,2013-05-28 04:00:00
708,7488,-10,2014-02-10 05:00:00
205,22,1,2012-09-10 04:00:00
7,289,1,2013-05-23 04:00:00
941,614,-10,2012-09-06 04:00:00
177,7565,-10,2012-10-02 04:00:00
53,124,-5,2013-08-13 04:00:00
360,21,1,2012-08-03 04:00:00
10,39,1,2011-08-03 04:00:00
443,23,3,2011-04-28 04:00:00
8,214,-1,2013-12-15 05:00:00
16,80,-2,2013-12-11 05:00:00
8,382,-1,2014-02-04 05:00:00
5,7563,-10,2013-11-22 05:00:00
64,1554,1,2014-04-16 04:00:00
7,7595,-9,2013-04-26 04:00:00
5342,7538,-10,2012-12-01 05:00:00
7,7516,-8,2013-11-08 05:00:00
217,911,1,2011-05-20 04:00:00
286,7591,-10,2014-09-03 04:00:00
70,277,1,2012-03-30 04:00:00
311,1096,1,2011-05-01 04:00:00
130,1635,1,2011-05-25 04:00:00
143,7604,-10,2013-03-28 04:00:00
9,123,1,2013-02-25 05:00:00
260,18,2,2012-07-13 04:00:00
177,40,4,2013-01-07 05:00:00
88,17,1,2012-06-09 04:00:00
22,7600,-3,2012-09-15 04:00:00
153,253,2,2011-08-11 04:00:00
177,7583,-10,2012-05-26 04:00:00
7,1574,1,2013-06-16 04:00:00
15,3448,1,2016-01-14 05:00:00
21,77,2,2012-08-08 04:00:00
447,169,4,2011-05-19 04:00:00
443,7564,-10,2011-07-04 04:00:00
29,278,2,2013-01-25 05:00:00
1329,1037,5,2012-06-12 04:00:00
395,87,1,2013-07-30 04:00:00
7603,1471,1,2011-08-03 04:00:00
13,3039,1,2012-11-07 05:00:00
13,3370,1,2014-04-19 04:00:00
491,488,1,2012-07-13 04:00:00
14,4057,1,2011-12-20 05:00:00
1159,792,-10,2013-05-14 04:00:00
8,7542,-10,2013-12-09 05:00:00
225,494,3,2013-08-12 04:00:00
8,7471,-10,2013-12-01 05:00:00
8,3369,-1,2014-05-12 04:00:00
59,26,-1,2013-12-25 05:00:00
177,7584,-10,2013-01-24 05:00:00
46,206,4,2013-05-16 04:00:00
758,144,5,2013-11-07 05:00:00
145,7328,-10,2011-06-28 04:00:00
145,506,-1,2013-05-09 04:00:00
35,1385,3,2014-04-12 04:00:00
109,1431,1,2011-05-30 04:00:00
442,537,2,2011-05-05 04:00:00
798,194,-1,2012-05-02 04:00:00
141,7481,-10,2014-09-29 04:00:00
63,2483,1,2011-05-03 04:00:00
393,7333,-1,2012-06-23 04:00:00
7598,95,-10,2013-07-19 04:00:00
5342,994,-3,2012-10-31 04:00:00
2459,2,1,2011-04-22 04:00:00
11,1311,1,2012-03-12 04:00:00
64,87,1,2014-02-01 05:00:00
384,224,1,2011-06-01 04:00:00
13,1168,5,2013-02-27 05:00:00
2944,16,1,2012-06-06 04:00:00
2336,54,-7,2014-08-15 04:00:00
193,101,5,2012-05-09 04:00:00
80,1134,1,2012-06-11 04:00:00
639,7593,-5,2012-04-11 04:00:00
30,7595,-6,2013-05-11 04:00:00
25,693,1,2012-08-13 04:00:00
43,7484,-10,2012-09-18 04:00:00
1059,7,1,2013-03-21 04:00:00
370,43,-10,2012-11-14 05:00:00
729,18,1,2011-06-25 04:00:00
10,613,-2,2014-01-02 05:00:00
900,15,2,2014-04-13 04:00:00
5342,1328,-5,2012-11-20 05:00:00
356,7372,1,2011-05-18 04:00:00
179,82,1,2014-12-24 05:00:00
63,7604,-10,2013-05-18 04:00:00
1360,56,1,2013-02-26 05:00:00
163,650,1,2013-11-17 05:00:00
197,759,1,2013-07-10 04:00:00
11,183,-10,2012-07-21 04:00:00
15,7321,-1,2015-08-16 04:00:00
145,7536,-10,2012-09-25 04:00:00
122,20,4,2013-03-19 04:00:00
177,3022,1,2012-09-30 04:00:00
32,11,-1,2014-04-09 04:00:00
16,341,1,2011-05-16 04:00:00
7604,8,10,2013-03-26 04:00:00
30,1517,-1,2012-08-17 04:00:00
92,93,2,2013-06-27 04:00:00
258,1921,1,2012-03-28 04:00:00
7603,305,2,2011-11-09 05:00:00
3001,1,2,2012-11-11 05:00:00
7,96,2,2014-05-04 04:00:00
109,449,7,2011-06-09 04:00:00
103,3,8,2013-06-06 04:00:00
589,22,2,2012-01-17 05:00:00
5342,7418,-8,2013-07-07 04:00:00
88,11,1,2014-12-08 05:00:00
1001,368,1,2011-05-24 04:00:00
207,29,4,2014-01-27 05:00:00
7544,2336,-10,2014-08-14 04:00:00
113,7580,-10,2012-12-29 05:00:00
7518,15,-10,2013-02-12 05:00:00
528,321,1,2014-05-21 04:00:00
372,11,1,2012-06-16 04:00:00
65,862,1,2011-06-08 04:00:00
158,345,1,2013-08-04 04:00:00
174,185,-10,2014-07-30 04:00:00
7525,336,1,2013-07-16 04:00:00
11,25,2,2012-07-12 04:00:00
517,7603,-10,2012-09-06 04:00:00
168,7601,-10,2013-03-29 04:00:00
28,7561,-10,2011-06-28 04:00:00
8,812,-1,2014-03-24 04:00:00
2,7583,-10,2012-07-01 04:00:00
124,68,7,2013-01-14 05:00:00
1691,7599,-10,2013-03-27 04:00:00
42,1065,1,2013-05-31 04:00:00
389,1077,1,2011-10-14 04:00:00
98,900,1,2014-08-09 04:00:00
385,7570,-10,2011-07-07 04:00:00
81,115,1,2013-04-08 04:00:00
2380,2336,-5,2014-07-17 04:00:00
403,155,1,2011-07-30 04:00:00
177,43,7,2013-03-18 04:00:00
211,7603,3,2012-03-14 04:00:00
2334,3,3,2013-03-15 04:00:00
289,7467,-10,2013-04-09 04:00:00
95,125,-10,2014-10-10 04:00:00
7514,61,3,2013-04-25 04:00:00
583,57,2,2011-06-21 04:00:00
7397,7504,-2,2012-04-27 04:00:00
105,830,1,2014-01-02 05:00:00
824,7552,-1,2014-02-27 05:00:00
19,7446,-10,2013-12-20 05:00:00
216,75,2,2011-05-19 04:00:00
177,357,-3,2012-10-21 04:00:00
172,95,1,2013-01-19 05:00:00
266,3,1,2013-02-01 05:00:00
658,324,2,2011-05-04 04:00:00
126,1700,1,2014-04-24 04:00:00
5342,7551,-10,2013-01-11 05:00:00
30,345,10,2013-01-07 05:00:00
47,40,4,2012-05-06 04:00:00
417,110,1,2014-08-04 04:00:00
7602,1691,-10,2013-07-19 04:00:00
7,7484,-10,2012-09-18 04:00:00
3,1837,1,2013-02-09 05:00:00
7,204,1,2012-09-01 04:00:00
3,197,4,2013-03-14 04:00:00
8,6792,-1,2013-11-28 05:00:00
132,89,2,2011-06-11 04:00:00
544,926,-5,2011-08-21 04:00:00
45,7395,-10,2011-06-16 04:00:00
18,160,9,2011-12-22 05:00:00
193,7388,-5,2012-02-18 05:00:00
7595,129,-1,2012-10-31 04:00:00
125,7502,-10,2014-06-16 04:00:00
1691,7604,-10,2013-03-27 04:00:00
181,7589,-10,2011-05-12 04:00:00
438,5140,-1,2012-05-24 04:00:00
518,176,2,2012-04-07 04:00:00
927,2021,2,2011-06-07 04:00:00
65,14,1,2011-12-12 05:00:00
216,7604,-10,2013-05-09 04:00:00
80,7604,-10,2013-03-26 04:00:00
3079,1811,-10,2013-01-19 05:00:00
227,56,3,2013-04-12 04:00:00
145,2456,1,2011-04-19 04:00:00
7553,7603,-10,2012-09-21 04:00:00
6,7554,-10,2013-03-11 04:00:00
9,681,-1,2011-11-05 04:00:00
7598,26,-10,2013-07-19 04:00:00
45,2541,1,2011-05-27 04:00:00
255,17,1,2012-03-16 04:00:00
116,2362,1,2013-08-20 04:00:00
88,82,1,2014-11-02 04:00:00
392,190,2,2012-07-10 04:00:00
70,7388,-1,2012-04-10 04:00:00
170,272,-3,2013-04-14 04:00:00
8,331,-1,2013-12-14 05:00:00
26,133,2,2012-02-24 05:00:00
241,707,1,2013-10-05 04:00:00
8,7350,-1,2014-01-26 05:00:00
46,7586,-10,2012-10-31 04:00:00
84,63,1,2011-05-14 04:00:00
430,13,-10,2014-02-16 05:00:00
150,7604,-10,2013-03-28 04:00:00
337,85,-3,2014-12-22 05:00:00
23,440,1,2011-04-26 04:00:00
1620,92,3,2013-04-12 04:00:00
95,7601,-10,2013-07-19 04:00:00
27,617,1,2013-11-02 04:00:00
9,7600,-1,2012-09-12 04:00:00
58,7604,-5,2014-08-11 04:00:00
46,7550,-3,2013-12-14 05:00:00
1188,984,2,2014-07-29 04:00:00
386,26,1,2012-02-22 05:00:00
245,7560,-10,2014-10-27 04:00:00
396,25,1,2012-11-30 05:00:00
51,8,3,2012-06-16 04:00:00
7514,242,1,2013-04-29 04:00:00
8,7597,-10,2013-08-19 04:00:00
35,7415,-5,2014-08-11 04:00:00
7,768,1,2012-11-15 05:00:00
58,7531,-10,2014-02-26 05:00:00
5342,507,-3,2012-10-19 04:00:00
5342,412,2,2012-07-31 04:00:00
82,2336,-10,2014-08-06 04:00:00
125,1032,-1,2014-04-20 04:00:00
1041,41,1,2012-08-21 04:00:00
1778,7416,-10,2012-06-11 04:00:00
95,411,2,2012-10-09 04:00:00
232,1610,2,2012-04-19 04:00:00
158,136,1,2014-05-15 04:00:00
278,177,-6,2014-06-26 04:00:00
5,3516,-10,2013-12-14 05:00:00
31,25,3,2013-06-17 04:00:00
2,382,1,2011-05-02 04:00:00
5342,536,-3,2012-10-21 04:00:00
591,83,3,2012-12-20 05:00:00
114,469,-5,2015-01-21 05:00:00
13,1759,2,2012-04-10 04:00:00
690,216,-1,2012-07-27 04:00:00
8,7496,-1,2014-02-12 05:00:00
708,5679,-10,2014-03-24 04:00:00
79,2706,1,2011-07-13 04:00:00
73,136,1,2012-12-28 05:00:00
1147,491,-3,2014-05-30 04:00:00
178,434,1,2013-04-10 04:00:00
498,7384,-1,2014-10-20 04:00:00
188,7460,-10,2012-09-17 04:00:00
87,214,-1,2013-12-15 05:00:00
146,277,2,2012-03-12 04:00:00
8,2821,-1,2014-01-14 05:00:00
64,7365,-1,2014-09-08 04:00:00
680,854,1,2011-07-04 04:00:00
15,7330,-1,2015-09-24 04:00:00
165,7161,-1,2014-09-29 04:00:00
120,3,5,2014-02-14 05:00:00
7328,731,10,2011-07-02 04:00:00
1018,680,1,2011-06-23 04:00:00
43,7555,-5,2012-11-20 05:00:00
83,7603,-10,2012-09-24 04:00:00
8,7362,-1,2014-02-21 05:00:00
381,145,-10,2013-04-29 04:00:00
32,191,1,2014-03-19 04:00:00
21,585,1,2012-02-12 05:00:00
26,7602,-10,2013-04-10 04:00:00
332,95,1,2013-09-14 04:00:00
333,7604,-10,2013-03-26 04:00:00
382,7589,-6,2011-05-09 04:00:00
58,92,-1,2014-11-16 05:00:00
491,281,-5,2014-08-15 04:00:00
228,7604,-10,2013-06-27 04:00:00
227,7604,-10,2013-03-30 04:00:00
231,514,2,2011-06-28 04:00:00
619,7561,-10,2011-06-29 04:00:00
47,78,1,2012-07-16 04:00:00
50,2883,1,2012-03-23 04:00:00
491,176,-1,2014-08-15 04:00:00
145,381,-1,2013-04-29 04:00:00
9,7534,-10,2012-03-13 04:00:00
8,7567,-10,2013-12-09 05:00:00
16,7587,-10,2011-06-09 04:00:00
708,7491,-10,2014-02-10 05:00:00
5533,166,-10,2012-09-25 04:00:00
105,613,-2,2014-01-05 05:00:00
226,7519,-10,2011-06-15 04:00:00
7,2408,-2,2014-04-28 04:00:00
95,7339,-1,2012-11-28 05:00:00
1866,2360,1,2013-07-04 04:00:00
485,232,3,2012-02-12 05:00:00
145,7502,-1,2014-05-12 04:00:00
114,7310,-1,2015-05-19 04:00:00
133,589,2,2012-02-05 05:00:00
8,780,-1,2013-12-01 05:00:00
2261,127,1,2013-11-26 05:00:00
757,30,1,2013-04-30 04:00:00
589,26,2,2012-01-17 05:00:00
7603,274,2,2011-08-22 04:00:00
7564,150,-10,2011-06-21 04:00:00
188,7550,-10,2013-12-13 05:00:00
95,7584,-10,2013-01-24 05:00:00
7394,7576,-1,2011-06-14 04:00:00
7372,7564,-1,2011-06-10 04:00:00
125,7568,-10,2014-04-29 04:00:00
265,177,10,2012-06-08 04:00:00
614,7520,-1,2011-06-14 04:00:00
20,7565,-2,2012-07-22 04:00:00
5342,689,-5,2012-11-03 04:00:00
5,7423,-10,2013-12-02 05:00:00
1332,2248,1,2012-08-28 04:00:00
710,769,1,2011-04-05 04:00:00
641,762,-1,2014-05-02 04:00:00
870,210,2,2011-08-02 04:00:00
4,1295,1,2012-01-13 05:00:00
564,748,-10,2013-03-05 05:00:00
8,527,-1,2013-11-28 05:00:00
58,7510,-5,2014-08-14 04:00:00
640,42,1,2012-08-30 04:00:00
32,7583,-1,2012-06-11 04:00:00
10,327,-1,2012-11-12 05:00:00
2336,292,-1,2014-05-05 04:00:00
7536,5533,10,2012-09-25 04:00:00
188,7604,-10,2013-03-25 04:00:00
10,478,1,2011-05-30 04:00:00
5,7514,-10,2014-02-05 05:00:00
11,2257,1,2012-10-08 04:00:00
7,752,2,2012-12-23 05:00:00
433,890,1,2013-04-28 04:00:00
437,237,2,2011-08-31 04:00:00
1939,65,2,2011-06-15 04:00:00
151,7340,-2,2013-08-13 04:00:00
3,7604,-10,2014-04-24 04:00:00
7546,1654,1,2011-06-01 04:00:00
506,82,1,2013-08-03 04:00:00
47,7602,-10,2013-03-27 04:00:00
264,798,-10,2012-05-17 04:00:00
15,281,2,2014-07-08 04:00:00
588,798,2,2012-02-14 05:00:00
278,7588,-10,2012-09-19 04:00:00
7552,99,1,2011-04-30 04:00:00
104,801,-5,2013-10-31 04:00:00
70,114,1,2013-03-13 04:00:00
1539,147,3,2012-12-22 05:00:00
5342,383,-3,2012-10-24 04:00:00
45,7589,-10,2011-05-19 04:00:00
3378,7,1,2014-05-04 04:00:00
491,824,-1,2014-08-15 04:00:00
2162,38,1,2012-01-26 05:00:00
54,16,2,2011-06-09 04:00:00
2,532,1,2011-04-13 04:00:00
11,4910,-10,2011-11-25 05:00:00
216,115,1,2013-06-02 04:00:00
304,7603,1,2011-11-13 05:00:00
24,7600,-1,2012-09-17 04:00:00
904,12,1,2014-11-20 05:00:00
15,2312,1,2014-12-07 05:00:00
1568,7595,-10,2013-05-07 04:00:00
4,1109,4,2011-05-21 04:00:00
7499,50,1,2012-03-13 04:00:00
2336,73,-1,2014-04-30 04:00:00
5342,7565,-10,2012-10-16 04:00:00
332,3040,1,2012-10-22 04:00:00
45,7564,-10,2011-06-10 04:00:00
177,552,2,2012-06-12 04:00:00
43,7602,-10,2013-03-26 04:00:00
211,232,1,2012-03-04 05:00:00
490,362,1,2012-07-24 04:00:00
7230,881,1,2014-09-18 04:00:00
30,314,-10,2013-05-29 04:00:00
7518,491,-2,2013-02-10 05:00:00
2336,6921,-1,2015-02-19 05:00:00
73,2336,-1,2014-04-30 04:00:00
585,7604,-10,2013-04-20 04:00:00
7595,29,1,2013-04-09 04:00:00
2822,150,1,2012-06-04 04:00:00
150,7602,-10,2013-03-28 04:00:00
245,7600,-10,2014-08-26 04:00:00
332,49,1,2013-09-25 04:00:00
1640,16,2,2011-05-20 04:00:00
708,7496,-10,2014-02-12 05:00:00
8,130,-1,2013-12-20 05:00:00
5342,15,-2,2013-02-11 05:00:00
1501,1298,1,2012-07-26 04:00:00
51,7580,-10,2012-11-15 05:00:00
76,2037,1,2011-06-08 04:00:00
53,7443,-10,2012-11-18 05:00:00
8,7357,-1,2014-02-11 05:00:00
95,3134,-1,2013-04-13 04:00:00
824,113,-2,2014-04-01 04:00:00
1691,17,1,2011-07-10 04:00:00
1518,7586,-10,2012-10-31 04:00:00
803,218,2,2012-07-16 04:00:00
1404,368,1,2011-06-19 04:00:00
2958,177,1,2012-06-23 04:00:00
32,2365,2,2014-01-31 05:00:00
58,7434,-10,2013-06-18 04:00:00
8,1584,-1,2013-11-28 05:00:00
979,7550,-3,2013-12-14 05:00:00
7591,7422,-5,2014-08-22 04:00:00
280,34,1,2013-11-04 05:00:00
43,7483,-10,2012-09-15 04:00:00
24,7548,-10,2013-06-13 04:00:00
1063,30,2,2013-04-30 04:00:00
7595,3074,1,2012-12-14 05:00:00
404,785,1,2011-06-12 04:00:00
2481,84,1,2011-05-05 04:00:00
708,7494,-10,2014-02-10 05:00:00
838,7335,-10,2015-12-28 05:00:00
131,561,2,2011-02-05 05:00:00
866,1467,1,2011-06-27 04:00:00
152,216,2,2012-05-20 04:00:00
44,632,3,2011-11-02 04:00:00
799,117,3,2012-05-12 04:00:00
1302,1,1,2012-03-21 04:00:00
284,7372,-10,2011-11-28 05:00:00
4,227,1,2012-12-11 05:00:00
33,1766,1,2012-04-21 04:00:00
2866,7442,-5,2012-06-13 04:00:00
3100,30,1,2012-12-29 05:00:00
621,7,1,2012-12-29 05:00:00
1,587,1,2011-11-07 05:00:00
7,13,1,2012-08-07 04:00:00
159,20,10,2012-05-20 04:00:00
386,7564,-10,2011-08-15 04:00:00
1015,323,1,2011-06-06 04:00:00
49,7525,-1,2013-08-12 04:00:00
8,2921,1,2012-08-18 04:00:00
160,1845,3,2013-04-06 04:00:00
87,64,2,2014-01-24 05:00:00
116,310,1,2013-08-24 04:00:00
2336,288,-10,2015-01-19 05:00:00
306,8,3,2012-08-01 04:00:00
7415,6,1,2011-06-16 04:00:00
19,11,-5,2014-10-10 04:00:00
69,1495,1,2012-04-05 04:00:00
5,7585,-10,2013-11-22 05:00:00
7,7586,-10,2012-10-31 04:00:00
467,408,1,2011-06-09 04:00:00
117,2,1,2012-02-19 05:00:00
7570,65,1,2011-06-03 04:00:00
474,7603,-10,2012-09-05 04:00:00
383,106,1,2011-05-29 04:00:00
1159,7598,-10,2013-03-29 04:00:00
3,1129,1,2013-01-09 05:00:00
8,7489,-1,2014-02-25 05:00:00
43,7600,-10,2013-03-25 04:00:00
206,7521,-10,2014-02-27 05:00:00
80,7599,-10,2013-03-30 04:00:00
1139,211,1,2011-12-29 05:00:00
1336,248,-1,2013-09-15 04:00:00
3403,95,1,2014-09-17 04:00:00
56,112,2,2013-05-27 04:00:00
125,3362,-1,2014-11-12 05:00:00
7,7585,-9,2013-11-24 05:00:00
18,1164,2,2012-08-05 04:00:00
71,800,3,2012-05-29 04:00:00
9,22,6,2012-01-12 05:00:00
134,7604,-10,2013-04-24 04:00:00
762,555,-1,2014-01-01 05:00:00
1139,360,1,2012-01-01 05:00:00
1134,7400,-10,2012-07-14 04:00:00
245,7604,-10,2014-08-26 04:00:00
145,5533,-10,2012-09-25 04:00:00
491,7598,-10,2013-04-27 04:00:00
2090,15,1,2013-12-05 05:00:00
182,7604,-10,2013-07-03 04:00:00
480,7533,-10,2011-06-14 04:00:00
146,1,2,2014-01-28 05:00:00
68,7602,-10,2013-03-26 04:00:00
327,28,10,2011-06-11 04:00:00
587,7603,-1,2012-08-28 04:00:00
241,1822,1,2013-10-07 04:00:00
122,759,1,2013-07-22 04:00:00
1159,7601,-10,2013-03-29 04:00:00
244,280,2,2013-03-20 04:00:00
15,5342,-10,2013-02-12 05:00:00
26,8,4,2013-06-27 04:00:00
139,663,2,2011-05-16 04:00:00
166,137,1,2012-06-24 04:00:00
115,49,1,2013-06-08 04:00:00
8,458,1,2013-03-12 04:00:00
104,766,2,2015-08-28 04:00:00
416,34,1,2014-02-18 05:00:00
11,309,1,2013-09-02 04:00:00
54,7550,-1,2012-09-08 04:00:00
95,7600,-10,2014-02-04 05:00:00
275,28,3,2011-06-10 04:00:00
188,241,1,2013-02-27 05:00:00
13,430,-1,2014-03-02 05:00:00
125,29,4,2014-11-27 05:00:00
708,7493,-10,2014-02-10 05:00:00
30,7517,-10,2012-09-25 04:00:00
188,7594,-9,2013-05-06 04:00:00
7596,988,1,2011-06-05 04:00:00
2912,741,1,2012-05-02 04:00:00
179,7334,-10,2013-01-18 05:00:00
30,7600,-10,2013-04-03 04:00:00
425,7570,-10,2011-07-08 04:00:00
29,411,2,2012-09-17 04:00:00
255,79,1,2011-07-21 04:00:00
541,7519,-10,2011-06-15 04:00:00
5342,777,-7,2012-10-31 04:00:00
154,43,2,2014-04-04 04:00:00
8,1856,-1,2014-01-17 05:00:00
7374,1462,2,2011-06-16 04:00:00
1711,729,1,2011-10-09 04:00:00
150,7599,-10,2013-03-28 04:00:00
432,1,1,2013-08-31 04:00:00
7,7574,-10,2013-02-12 05:00:00
611,915,1,2011-05-17 04:00:00
36,7597,-10,2013-08-12 04:00:00
10,7577,-5,2012-03-26 04:00:00
1541,177,1,2013-03-26 04:00:00
824,801,-2,2014-05-31 04:00:00
1166,1795,1,2012-09-10 04:00:00
8,1179,-1,2013-12-12 05:00:00
19,3254,1,2013-06-28 04:00:00
102,7329,-1,2011-06-05 04:00:00
7595,2319,2,2013-02-15 05:00:00
19,1192,1,2014-02-07 05:00:00
95,7548,-10,2013-02-12 05:00:00
603,7552,-10,2014-02-14 05:00:00
629,7564,-10,2011-08-29 04:00:00
73,124,-1,2014-03-24 04:00:00
90,7572,-10,2011-07-06 04:00:00
603,454,2,2014-02-07 05:00:00
166,2240,2,2012-08-06 04:00:00
12,289,1,2013-12-14 05:00:00
123,7540,-10,2012-12-07 05:00:00
609,84,1,2011-05-14 04:00:00
8,7390,1,2013-03-11 04:00:00
252,7604,-10,2013-04-03 04:00:00
314,7564,-10,2011-06-28 04:00:00
3211,1,1,2013-05-03 04:00:00
179,7600,-10,2013-01-18 05:00:00
927,476,2,2011-06-02 04:00:00
2491,443,1,2011-05-11 04:00:00
3031,112,1,2012-10-13 04:00:00
26,804,1,2012-07-03 04:00:00
923,2573,1,2011-06-08 04:00:00
444,355,1,2011-05-13 04:00:00
571,1474,2,2011-09-06 04:00:00
50,1417,1,2011-05-20 04:00:00
7386,15,-1,2015-06-03 04:00:00
179,7602,-10,2013-03-26 04:00:00
1859,518,-10,2013-07-31 04:00:00
1132,78,1,2011-07-13 04:00:00
156,43,1,2012-07-15 04:00:00
156,103,1,2012-08-05 04:00:00
504,2593,1,2011-06-07 04:00:00
711,223,2,2011-03-24 04:00:00
748,813,-4,2012-12-13 05:00:00
26,7604,-10,2013-04-20 04:00:00
7564,7596,-10,2011-06-06 04:00:00
7544,58,-10,2014-08-14 04:00:00
97,1706,3,2011-07-07 04:00:00
1,2173,1,2012-02-10 05:00:00
44,12,4,2014-10-25 04:00:00
43,370,-3,2012-07-12 04:00:00
791,7409,-10,2011-07-17 04:00:00
341,326,2,2011-06-06 04:00:00
277,7564,-10,2012-04-03 04:00:00
26,177,-10,2013-06-27 04:00:00
4,562,5,2011-05-13 04:00:00
95,242,2,2013-03-08 05:00:00
208,7578,-1,2013-07-20 04:00:00
97,10,3,2012-09-13 04:00:00
87,491,-2,2014-05-29 04:00:00
5342,7500,-3,2012-09-07 04:00:00
1370,2390,1,2013-09-10 04:00:00
1537,13,1,2012-12-17 05:00:00
5533,145,-10,2012-09-25 04:00:00
58,7600,-5,2014-08-11 04:00:00
222,29,2,2014-02-20 05:00:00
426,7374,1,2011-06-10 04:00:00
30,7558,-1,2013-11-19 05:00:00
10,33,2,2012-06-07 04:00:00
15,80,-1,2014-06-01 04:00:00
1704,2692,1,2011-06-24 04:00:00
974,3,5,2013-11-30 05:00:00
94,164,1,2014-04-11 04:00:00
53,7545,-10,2014-09-07 04:00:00
104,7552,-10,2014-02-25 05:00:00
16,2003,2,2011-06-09 04:00:00
15,7552,-1,2014-04-24 04:00:00
7591,141,3,2014-07-25 04:00:00
8,492,-1,2013-12-12 05:00:00
1456,7603,-1,2013-01-24 05:00:00
729,4311,-1,2011-06-24 04:00:00
188,7602,-10,2013-07-19 04:00:00
870,20,10,2011-08-03 04:00:00
8,7512,-1,2014-07-02 04:00:00
7,7588,-5,2013-01-03 05:00:00
272,7557,-10,2011-08-28 04:00:00
17,7410,-10,2012-06-05 04:00:00
1982,183,2,2011-06-07 04:00:00
5,7568,-1,2014-04-29 04:00:00
2555,2067,1,2011-06-21 04:00:00
694,348,2,2012-07-13 04:00:00
48,386,4,2011-08-19 04:00:00
11,7592,-10,2012-01-31 05:00:00
7398,431,-5,2013-12-06 05:00:00
136,7604,-10,2013-04-03 04:00:00
85,882,-3,2013-06-11 04:00:00
1159,863,-10,2013-04-19 04:00:00
31,17,1,2012-04-13 04:00:00
95,7604,-10,2014-08-26 04:00:00
177,1347,1,2012-11-18 05:00:00
1691,7601,-10,2013-03-27 04:00:00
2143,51,1,2011-12-03 05:00:00
145,15,-2,2013-04-29 04:00:00
1375,5,2,2013-06-23 04:00:00
413,247,1,2013-05-09 04:00:00
1,231,1,2011-07-20 04:00:00
3079,124,-5,2013-03-19 04:00:00
934,2394,1,2013-10-29 04:00:00
1633,568,1,2011-05-12 04:00:00
8,7493,-1,2014-02-10 05:00:00
328,1964,1,2011-05-21 04:00:00
259,7604,-10,2013-04-14 04:00:00
167,33,1,2011-06-08 04:00:00
290,241,1,2013-08-16 04:00:00
7594,145,-10,2013-01-11 05:00:00
3022,177,1,2012-09-30 04:00:00
508,7589,-10,2011-05-09 04:00:00
5342,328,-3,2012-10-24 04:00:00
748,287,4,2012-11-27 05:00:00
179,7603,-10,2014-06-21 04:00:00
272,170,-3,2012-02-28 05:00:00
11,7577,-10,2012-03-26 04:00:00
5342,226,-3,2012-10-18 04:00:00
824,9,-2,2014-06-02 04:00:00
7,7604,-10,2013-07-19 04:00:00
43,7584,-10,2013-01-24 05:00:00
7,7591,-3,2014-08-28 04:00:00
8,189,-1,2014-05-04 04:00:00
11,680,-10,2012-10-31 04:00:00
596,185,-5,2013-08-12 04:00:00
88,29,1,2014-05-06 04:00:00
5,3254,-10,2013-12-01 05:00:00
145,7594,-10,2013-03-09 05:00:00
2106,57,1,2011-07-20 04:00:00
2336,374,-3,2014-10-08 04:00:00
1159,7602,-10,2013-03-29 04:00:00
22,150,2,2012-07-06 04:00:00
260,7604,-10,2013-04-06 04:00:00
7513,7417,9,2012-09-18 04:00:00
201,1509,1,2012-06-12 04:00:00
79,67,1,2011-12-07 05:00:00
126,690,-10,2014-04-09 04:00:00
4,420,4,2011-04-25 04:00:00
30,686,-1,2012-09-11 04:00:00
319,41,4,2012-08-07 04:00:00
2293,145,-1,2014-12-18 05:00:00
1579,36,2,2013-08-01 04:00:00
26,7579,-2,2012-06-20 04:00:00
4,7569,-1,2011-05-03 04:00:00
79,2683,1,2011-06-21 04:00:00
15,3120,1,2013-02-04 05:00:00
227,90,-1,2013-03-06 05:00:00
5,2336,-10,2014-08-16 04:00:00
43,82,1,2014-10-03 04:00:00
277,78,1,2012-02-16 05:00:00
8,519,-1,2014-03-23 04:00:00
7443,53,1,2012-11-18 05:00:00
11,7597,-10,2013-08-12 04:00:00
88,7398,1,2014-01-22 05:00:00
83,166,2,2012-07-04 04:00:00
129,1097,6,2011-05-07 04:00:00
32,796,-1,2012-06-11 04:00:00
155,65,1,2011-07-17 04:00:00
627,7549,-10,2012-11-02 04:00:00
89,7564,-10,2011-06-11 04:00:00
1769,2203,2,2012-05-02 04:00:00
7519,541,-10,2011-06-10 04:00:00
245,7562,-10,2014-04-03 04:00:00
8,1346,-1,2014-03-24 04:00:00
1437,182,1,2011-06-03 04:00:00
700,226,-3,2012-10-23 04:00:00
92,3774,-10,2013-04-18 04:00:00
2391,7390,-10,2013-09-14 04:00:00
2127,135,1,2011-10-03 04:00:00
1,7348,-1,2013-12-19 05:00:00
325,388,10,2011-06-20 04:00:00
656,7529,-10,2012-10-28 04:00:00
338,7523,3,2014-08-14 04:00:00
7589,175,1,2011-05-06 04:00:00
798,26,1,2012-02-24 05:00:00
7604,7603,-10,2013-03-26 04:00:00
24,11,-1,2014-03-07 05:00:00
824,491,-2,2014-05-30 04:00:00
6,7587,-10,2011-06-13 04:00:00
7,7558,-10,2013-11-21 05:00:00
113,350,1,2012-07-14 04:00:00
7595,7556,-10,2012-12-01 05:00:00
48,7604,-10,2013-04-10 04:00:00
8,617,-1,2013-12-21 05:00:00
33,3,-2,2013-04-12 04:00:00
412,1380,1,2013-11-25 05:00:00
224,63,1,2011-04-06 04:00:00
39,7604,-10,2013-04-02 04:00:00
63,11,-5,2013-01-16 05:00:00
191,11,-10,2014-05-25 04:00:00
190,2,2,2012-06-26 04:00:00
45,21,2,2011-12-14 05:00:00
96,491,-4,2014-06-10 04:00:00
105,704,1,2014-01-05 05:00:00
23,469,7,2011-04-21 04:00:00
497,7,1,2014-08-27 04:00:00
1224,236,2,2011-05-01 04:00:00
708,7486,-10,2014-02-10 05:00:00
145,7565,-10,2012-09-25 04:00:00
664,340,1,2011-05-18 04:00:00
51,7592,-10,2012-01-31 05:00:00
7531,58,-10,2014-02-26 05:00:00
22,7513,-1,2012-09-15 04:00:00
85,7503,-3,2014-08-18 04:00:00
393,7389,1,2012-05-22 04:00:00
443,353,2,2011-05-11 04:00:00
87,7552,-8,2014-03-27 04:00:00
177,7598,-10,2013-03-26 04:00:00
360,7388,-1,2012-03-07 05:00:00
88,92,1,2013-07-15 04:00:00
484,1322,-2,2014-06-23 04:00:00
505,353,2,2011-04-17 04:00:00
29,89,1,2012-10-06 04:00:00
142,27,1,2013-03-06 05:00:00
430,247,-1,2013-08-30 04:00:00
8,4934,-1,2013-12-01 05:00:00
874,57,2,2012-05-03 04:00:00
732,11,1,2011-08-10 04:00:00
5342,447,-5,2012-11-16 05:00:00
7603,7424,-10,2011-10-19 04:00:00
389,630,1,2011-10-14 04:00:00
8,401,-1,2014-07-23 04:00:00
2888,1314,1,2012-03-31 04:00:00
87,7591,-10,2014-09-07 04:00:00
88,7552,-7,2014-04-24 04:00:00
251,4,1,2011-03-02 05:00:00
186,400,5,2014-10-07 04:00:00
112,8,1,2012-12-04 05:00:00
312,7604,-10,2013-05-06 04:00:00
177,2935,1,2012-05-26 04:00:00
264,1,1,2011-09-17 04:00:00
69,798,-1,2012-07-13 04:00:00
7,7602,-10,2013-03-26 04:00:00
442,7511,-10,2011-05-06 04:00:00
1187,7541,-10,2013-05-25 04:00:00
168,7599,-10,2013-03-29 04:00:00
22,7583,-3,2012-05-29 04:00:00
7576,7394,-10,2011-06-14 04:00:00
85,35,-5,2014-12-22 05:00:00
286,7556,-10,2012-12-20 05:00:00
58,59,1,2014-06-23 04:00:00
489,28,2,2012-07-29 04:00:00
337,7386,-2,2015-06-03 04:00:00
1456,147,5,2013-12-13 05:00:00
15,7580,-1,2012-09-25 04:00:00
25,177,-1,2013-07-19 04:00:00
188,7334,-10,2013-03-26 04:00:00
86,469,-1,2015-01-21 05:00:00
708,7487,-10,2014-02-10 05:00:00
199,3,1,2012-12-03 05:00:00
2358,26,-3,2013-04-28 04:00:00
11,8,1,2012-06-13 04:00:00
22,802,2,2012-09-06 04:00:00
1133,78,3,2011-07-17 04:00:00
766,3276,1,2015-07-10 04:00:00
561,293,2,2011-05-03 04:00:00
435,1190,1,2013-05-30 04:00:00
1653,224,2,2011-06-02 04:00:00
1001,340,1,2011-05-17 04:00:00
185,9,-3,2012-03-16 04:00:00
4,578,3,2011-06-08 04:00:00
43,751,2,2012-11-15 05:00:00
10,1327,1,2012-07-28 04:00:00
177,90,-4,2013-02-23 05:00:00
5,255,-10,2013-12-18 05:00:00
578,35,1,2011-06-05 04:00:00
10,1702,1,2011-06-21 04:00:00
528,118,1,2014-08-20 04:00:00
252,723,1,2011-06-13 04:00:00
193,4057,-1,2012-02-18 05:00:00
686,798,-1,2012-04-22 04:00:00
266,26,1,2013-09-05 04:00:00
21,393,1,2012-05-22 04:00:00
747,7427,1,2012-10-09 04:00:00
2637,57,1,2011-06-13 04:00:00
5,7406,-10,2014-03-12 04:00:00
360,35,1,2012-05-24 04:00:00
651,1205,1,2014-09-22 04:00:00
2139,1292,-1,2012-01-03 05:00:00
16,509,2,2013-02-21 05:00:00
15,7603,-1,2012-08-28 04:00:00
8,26,1,2012-06-15 04:00:00
588,170,2,2012-01-29 05:00:00
3,125,1,2013-02-08 05:00:00
58,751,3,2014-08-25 04:00:00
3125,177,1,2013-02-04 05:00:00
7584,177,-10,2013-01-24 05:00:00
45,4,3,2011-04-13 04:00:00
7565,98,1,2011-10-31 04:00:00
207,3,7,2014-02-18 05:00:00
47,7604,-10,2013-03-26 04:00:00
328,90,4,2011-06-22 04:00:00
376,3128,1,2014-05-30 04:00:00
8,7459,-10,2013-12-01 05:00:00
190,6,2,2013-04-09 04:00:00
38,7454,-10,2012-01-12 05:00:00
95,145,-1,2012-12-20 05:00:00
529,992,1,2011-05-03 04:00:00
824,60,-2,2014-06-02 04:00:00
7,7566,-10,2012-05-01 04:00:00
1127,27,1,2014-07-17 04:00:00
1096,311,1,2011-05-01 04:00:00
172,1173,1,2012-11-15 05:00:00
113,317,3,2012-12-14 05:00:00
1036,7515,-10,2013-05-28 04:00:00
9,798,-10,2012-05-24 04:00:00
53,29,1,2012-12-21 05:00:00
591,7528,-10,2012-10-07 04:00:00
491,43,2,2013-08-01 04:00:00
43,7426,-10,2012-09-20 04:00:00
250,16,1,2011-04-30 04:00:00
7604,188,-10,2013-07-19 04:00:00
1495,7,2,2012-05-02 04:00:00
3102,46,1,2012-12-30 05:00:00
32,2134,1,2012-05-23 04:00:00
73,332,2,2012-12-09 05:00:00
8,1104,-1,2013-12-01 05:00:00
97,284,1,2011-09-22 04:00:00
59,34,10,2014-01-03 05:00:00
165,15,1,2013-03-16 04:00:00
73,19,3,2014-06-03 04:00:00
2387,27,2,2013-09-26 04:00:00
30,112,2,2012-12-03 05:00:00
1805,170,1,2012-10-14 04:00:00
94,114,1,2014-04-11 04:00:00
29,95,1,2012-12-24 05:00:00
993,45,1,2011-04-19 04:00:00
227,8,5,2012-12-29 05:00:00
281,766,-1,2015-09-08 04:00:00
3383,114,3,2014-05-23 04:00:00
43,177,-1,2013-07-10 04:00:00
1846,12,1,2013-06-28 04:00:00
7595,7461,-10,2012-12-12 05:00:00
798,487,2,2012-05-04 04:00:00
170,26,1,2012-10-15 04:00:00
83,487,-3,2013-01-25 05:00:00
7590,7,1,2012-10-14 04:00:00
3,172,-1,2014-03-16 04:00:00
2916,257,1,2012-05-04 04:00:00
20,7547,-10,2011-08-28 04:00:00
26,7578,-10,2013-09-01 04:00:00
8,7351,-1,2014-01-26 05:00:00
95,424,-1,2012-12-03 05:00:00
7529,7428,-10,2012-11-01 04:00:00
126,7552,-10,2014-04-24 04:00:00
8,7575,-2,2013-12-21 05:00:00
6369,119,-5,2013-05-10 04:00:00
92,331,1,2012-12-10 05:00:00
24,134,1,2013-03-22 04:00:00
2336,230,-2,2014-10-07 04:00:00
442,1630,1,2011-05-13 04:00:00
4,7589,-1,2011-05-10 04:00:00
3094,143,2,2012-12-21 05:00:00
656,1161,2,2012-09-24 04:00:00
7,7600,-10,2014-07-30 04:00:00
1935,7569,-10,2011-05-03 04:00:00
983,128,2,2013-08-20 04:00:00
30,7432,-10,2013-05-19 04:00:00
5342,4934,-5,2013-11-30 05:00:00
168,7598,-10,2013-03-29 04:00:00
164,11,-2,2014-02-26 05:00:00
123,27,4,2013-04-15 04:00:00
7547,544,2,2011-08-28 04:00:00
161,798,-1,2012-05-30 04:00:00
1116,7564,3,2011-06-06 04:00:00
95,7580,-1,2012-10-05 04:00:00
164,2,10,2014-08-12 04:00:00
5342,357,-3,2012-10-21 04:00:00
264,639,1,2012-04-03 04:00:00
644,525,1,2013-04-13 04:00:00
5,314,-10,2013-05-29 04:00:00
118,765,10,2014-06-09 04:00:00
30,2,3,2013-10-05 04:00:00
96,11,-1,2014-11-27 05:00:00
43,7588,-2,2012-08-30 04:00:00
222,85,-10,2014-07-20 04:00:00
64,126,3,2014-04-22 04:00:00
3,2280,4,2013-03-07 05:00:00
2655,1638,-10,2011-08-29 04:00:00
52,7603,-10,2012-09-10 04:00:00
5,11,-10,2014-03-26 04:00:00
164,1904,1,2015-03-27 04:00:00
184,7604,-10,2013-03-28 04:00:00
7595,124,-10,2013-04-02 04:00:00
49,24,3,2013-12-09 05:00:00
8,7361,-1,2014-02-21 05:00:00
7598,7603,-10,2013-03-26 04:00:00
2155,7344,-1,2013-10-09 04:00:00
206,7531,-10,2014-02-27 05:00:00
8,7486,-1,2014-02-10 05:00:00
53,7595,-8,2013-04-25 04:00:00
120,59,3,2013-07-09 04:00:00
2998,389,1,2012-11-20 05:00:00
78,356,1,2012-08-09 04:00:00
8,317,-1,2014-03-24 04:00:00
972,1194,1,2013-07-05 04:00:00
22,539,1,2011-09-02 04:00:00
370,117,1,2012-02-24 05:00:00
164,269,1,2014-03-12 04:00:00
2311,3,1,2013-01-18 05:00:00
376,173,1,2014-04-08 04:00:00
259,177,1,2012-10-10 04:00:00
7087,2411,1,2014-05-03 04:00:00
43,7583,-10,2012-09-29 04:00:00
140,2,2,2011-07-20 04:00:00
106,561,1,2011-06-07 04:00:00
5,2335,1,2013-05-01 04:00:00
2286,177,1,2013-01-03 05:00:00
2192,362,-3,2014-01-19 05:00:00
15,1590,2,2015-02-05 05:00:00
69,2177,1,2012-04-13 04:00:00
36,222,1,2014-06-04 04:00:00
499,96,2,2015-04-26 04:00:00
120,5,1,2013-11-15 05:00:00
286,7603,-10,2014-07-26 04:00:00
22,7579,-3,2012-09-15 04:00:00
337,145,-3,2014-12-16 05:00:00
1766,798,1,2012-04-22 04:00:00
106,225,1,2011-05-12 04:00:00
198,7604,-10,2013-03-30 04:00:00
371,177,-10,2014-03-20 04:00:00
7428,7529,-10,2012-10-28 04:00:00
433,7595,-1,2013-04-30 04:00:00
22,7535,-5,2012-09-15 04:00:00
436,7437,-10,2011-04-26 04:00:00
149,485,1,2012-01-21 05:00:00
245,7559,-10,2014-02-18 05:00:00
392,16,2,2012-06-08 04:00:00
506,145,-10,2013-05-09 04:00:00
34,1198,1,2014-01-20 05:00:00
85,146,1,2012-11-06 05:00:00
254,2620,1,2011-06-11 04:00:00
8,650,-1,2014-08-22 04:00:00
45,7576,-10,2011-06-14 04:00:00
177,521,4,2012-09-13 04:00:00
7565,7504,-3,2012-04-29 04:00:00
488,597,1,2013-04-17 04:00:00
12,21,2,2013-12-03 05:00:00
754,522,3,2012-12-31 05:00:00
53,7588,-5,2013-01-03 05:00:00
40,255,1,2011-11-27 05:00:00
177,596,1,2012-11-18 05:00:00
5,1176,-1,2014-01-08 05:00:00
1,7557,-1,2011-08-05 04:00:00
177,5533,-10,2012-10-02 04:00:00
70,11,-5,2013-01-17 05:00:00
11,83,1,2012-09-08 04:00:00
7601,95,-10,2013-07-19 04:00:00
14,1483,1,2011-12-19 05:00:00
49,596,5,2013-08-14 04:00:00
58,27,3,2014-07-21 04:00:00
145,639,-1,2012-04-14 04:00:00
240,2524,1,2011-06-09 04:00:00
980,7512,-10,2014-07-02 04:00:00
11,7583,-10,2012-06-11 04:00:00
142,1770,2,2012-05-12 04:00:00
93,19,6,2013-08-16 04:00:00
114,7335,2,2014-10-17 04:00:00
10,7552,10,2013-04-23 04:00:00
2101,7452,-10,2011-07-12 04:00:00
1622,2540,1,2011-05-27 04:00:00
30,177,-5,2013-04-28 04:00:00
20,7577,-5,2012-03-26 04:00:00
5389,61,2,2012-12-28 05:00:00
466,654,1,2011-03-15 04:00:00
1694,7451,-10,2011-07-25 04:00:00
19,245,1,2014-06-30 04:00:00
43,7501,-10,2012-09-22 04:00:00
13,1172,3,2012-12-03 05:00:00
2,562,3,2012-01-27 05:00:00
4,47,2,2012-01-07 05:00:00
949,798,-1,2012-03-28 04:00:00
1,1028,7,2012-09-28 04:00:00
8,7543,-10,2013-12-10 05:00:00
30,623,-10,2013-08-02 04:00:00
92,103,1,2013-02-04 05:00:00
5342,7586,-10,2012-12-04 05:00:00
179,7552,-8,2014-06-21 04:00:00
1985,1984,1,2011-05-27 04:00:00
109,223,1,2011-02-28 05:00:00
1,1365,1,2013-04-24 04:00:00
43,7506,-10,2012-09-18 04:00:00
946,89,1,2012-08-18 04:00:00
133,319,1,2012-05-27 04:00:00
8,7435,-10,2013-11-12 05:00:00
102,7564,-10,2011-06-11 04:00:00
1502,143,2,2012-04-25 04:00:00
1701,1235,1,2011-06-25 04:00:00
1398,23,1,2011-03-09 05:00:00
60,518,1,2012-02-05 05:00:00
1830,7554,-10,2013-03-11 04:00:00
290,490,1,2014-01-17 05:00:00
179,7601,-10,2013-03-26 04:00:00
7,7554,-5,2013-03-11 04:00:00
239,7336,-4,2012-11-23 05:00:00
86,3383,-1,2014-09-27 04:00:00
206,588,-1,2013-12-13 05:00:00
375,36,1,2014-09-19 04:00:00
7374,426,1,2011-06-10 04:00:00
53,429,1,2014-04-11 04:00:00
183,7570,-10,2011-07-07 04:00:00
97,7451,-1,2013-01-20 05:00:00
10,177,-3,2013-05-29 04:00:00
73,7604,-10,2013-03-30 04:00:00
8,602,-1,2014-05-25 04:00:00
286,7579,-10,2013-05-31 04:00:00
8,1571,1,2013-06-10 04:00:00
1629,7413,1,2011-05-10 04:00:00
545,10,1,2012-06-01 04:00:00
685,7603,1,2012-01-09 05:00:00
1942,1,1,2011-05-09 04:00:00
159,113,-5,2012-09-06 04:00:00
24,90,-10,2013-03-06 05:00:00
614,7576,-10,2011-06-14 04:00:00
7602,7,-10,2013-07-19 04:00:00
155,11,1,2013-08-16 04:00:00
444,7524,-10,2011-06-10 04:00:00
114,1385,1,2014-04-12 04:00:00
1,2296,2,2013-02-04 05:00:00
65,2544,1,2011-05-29 04:00:00
1,292,1,2013-07-14 04:00:00
90,50,4,2011-05-28 04:00:00
125,2225,-10,2013-11-03 04:00:00
705,1851,1,2013-04-13 04:00:00
3118,1,1,2013-04-15 04:00:00
2412,96,1,2014-04-20 04:00:00
142,32,1,2012-10-23 04:00:00
45,681,-1,2012-01-14 05:00:00
58,113,-1,2014-08-09 04:00:00
58,185,-3,2014-09-07 04:00:00
2376,149,-1,2013-07-24 04:00:00
111,3,1,2013-03-29 04:00:00
3008,1154,1,2012-09-24 04:00:00
498,104,3,2014-10-03 04:00:00
153,931,2,2011-06-10 04:00:00
30,142,-10,2013-05-12 04:00:00
175,404,1,2011-05-14 04:00:00
5,7433,-10,2013-11-16 05:00:00
1760,258,1,2012-04-26 04:00:00
62,7590,-10,2012-10-14 04:00:00
906,337,1,2015-09-07 04:00:00
7,2209,1,2012-05-10 04:00:00
412,716,-10,2013-04-21 04:00:00
647,7545,-10,2014-09-07 04:00:00
354,188,2,2012-09-06 04:00:00
28,2585,1,2011-06-06 04:00:00
491,104,-2,2014-08-15 04:00:00
778,130,1,2011-06-03 04:00:00
114,7560,-9,2014-06-28 04:00:00
247,430,-1,2014-03-09 05:00:00
863,540,1,2011-06-14 04:00:00
225,7413,-10,2011-05-12 04:00:00
7564,2043,1,2011-06-10 04:00:00
272,7571,-10,2011-08-28 04:00:00
609,508,1,2011-05-08 04:00:00
5,395,1,2013-04-30 04:00:00
7602,95,-10,2013-07-19 04:00:00
117,370,1,2012-04-03 04:00:00
1818,3,3,2013-03-02 05:00:00
203,52,1,2012-09-04 04:00:00
7604,147,10,2013-03-26 04:00:00
7553,7565,-10,2012-09-07 04:00:00
3,1375,1,2013-06-22 04:00:00
8,879,-1,2014-03-24 04:00:00
720,1979,1,2011-05-31 04:00:00
1159,7586,-10,2012-10-31 04:00:00
61,7604,-10,2013-05-24 04:00:00
58,7552,-5,2014-09-07 04:00:00
106,7582,-10,2011-05-10 04:00:00
5,3133,-10,2013-11-16 05:00:00
177,219,3,2012-05-18 04:00:00
530,214,-1,2013-12-15 05:00:00
15,491,-1,2012-11-24 05:00:00
82,1490,2,2013-08-10 04:00:00
75,568,1,2011-05-20 04:00:00
2006,2,10,2011-06-03 04:00:00
1139,4,1,2011-12-29 05:00:00
11,155,1,2013-08-16 04:00:00
179,7383,-2,2014-06-03 04:00:00
70,7603,-1,2012-08-27 04:00:00
7518,7580,-5,2012-10-07 04:00:00
798,949,-1,2012-03-28 04:00:00
78,77,3,2011-06-10 04:00:00
17,197,2,2011-12-22 05:00:00
272,7576,-10,2011-08-28 04:00:00
179,7604,-10,2013-03-25 04:00:00
612,1638,1,2011-05-18 04:00:00
5,338,-10,2014-08-14 04:00:00
15,7400,-1,2012-09-28 04:00:00
217,1292,-1,2012-01-03 05:00:00
63,177,-10,2013-10-03 04:00:00
7592,1646,-1,2012-01-31 05:00:00
206,284,-1,2013-12-13 05:00:00
11,7564,-10,2012-04-03 04:00:00
67,110,1,2012-02-23 05:00:00
13,7565,-10,2012-08-14 04:00:00
144,235,5,2014-05-14 04:00:00
79,255,1,2011-07-21 04:00:00
656,23,6,2011-04-04 04:00:00
281,3443,-1,2015-12-22 05:00:00
88,7559,-1,2014-02-13 05:00:00
8,147,-1,2014-03-24 04:00:00
1043,116,1,2013-08-01 04:00:00
7550,93,-9,2013-07-20 04:00:00
86,7393,-1,2014-08-26 04:00:00
1695,403,1,2011-07-03 04:00:00
694,7588,-10,2012-11-23 05:00:00
2336,26,-1,2014-12-09 05:00:00
192,7552,-2,2014-02-25 05:00:00
7595,177,-1,2013-04-02 04:00:00
15,10,-10,2013-02-10 05:00:00
68,7604,-10,2013-03-25 04:00:00
1327,172,1,2012-07-26 04:00:00
7394,28,2,2011-06-12 04:00:00
8,7381,-2,2014-01-18 05:00:00
2358,7,-1,2013-04-28 04:00:00
183,7587,-10,2011-06-14 04:00:00
154,106,1,2011-05-24 04:00:00
327,7604,-10,2013-04-07 04:00:00
58,338,-5,2014-08-14 04:00:00
135,133,1,2012-01-14 05:00:00
863,2068,1,2011-06-14 04:00:00
7595,3136,1,2013-02-15 05:00:00
12,287,1,2013-08-16 04:00:00
95,2257,-1,2013-03-14 04:00:00
1664,16,3,2011-06-08 04:00:00
7,7535,-10,2012-09-15 04:00:00
13,7478,-10,2014-03-07 05:00:00
360,7604,-10,2013-04-02 04:00:00
544,7547,-1,2011-08-28 04:00:00
975,12,1,2013-05-25 04:00:00
708,7382,-1,2014-02-12 05:00:00
47,41,1,2012-07-14 04:00:00
126,374,-10,2015-03-10 04:00:00
5342,7590,-10,2012-12-01 05:00:00
36,95,-10,2014-12-07 05:00:00
4,202,3,2011-05-27 04:00:00
2069,254,1,2011-06-13 04:00:00
143,24,1,2013-01-24 05:00:00
1078,1908,1,2011-03-30 04:00:00
15,7393,-1,2014-11-27 05:00:00
346,18,4,2012-04-20 04:00:00
177,7590,-10,2012-10-14 04:00:00
342,326,2,2011-05-14 04:00:00
72,24,1,2014-01-20 05:00:00
1480,57,5,2011-12-07 05:00:00
693,107,1,2012-12-27 05:00:00
140,7498,-10,2011-06-28 04:00:00
299,130,1,2011-06-04 04:00:00
3312,32,1,2013-10-27 04:00:00
43,11,2,2012-09-08 04:00:00
7,7507,-10,2013-11-21 05:00:00
3414,1,1,2014-11-26 05:00:00
1657,1433,1,2011-06-03 04:00:00
62,51,1,2012-06-18 04:00:00
10,161,5,2012-06-22 04:00:00
10,7595,-1,2013-04-22 04:00:00
431,493,-10,2013-04-09 04:00:00
7380,5,4,2013-09-11 04:00:00
7603,22,5,2012-05-24 04:00:00
21,1307,2,2012-02-12 05:00:00
62,1165,1,2012-08-24 04:00:00
1074,279,1,2015-09-29 04:00:00
77,2,1,2012-08-09 04:00:00
593,7441,-9,2012-07-22 04:00:00
391,253,1,2013-04-26 04:00:00
9,7334,-10,2013-03-25 04:00:00
10,15,-10,2013-04-07 04:00:00
9,7564,-10,2011-10-20 04:00:00
983,34,2,2014-04-06 04:00:00
2685,76,10,2011-06-22 04:00:00
7576,614,-10,2011-06-14 04:00:00
70,7580,-1,2012-10-05 04:00:00
988,67,1,2012-06-24 04:00:00
7594,102,-10,2013-01-11 05:00:00
7398,7552,-10,2014-04-27 04:00:00
8,7345,-1,2013-11-28 05:00:00
410,633,5,2012-07-17 04:00:00
1038,7458,-10,2012-06-21 04:00:00
218,7604,-10,2013-04-06 04:00:00
111,7512,-1,2014-07-01 04:00:00
15,6921,1,2015-02-19 05:00:00
15,1921,-10,2013-02-10 05:00:00
8,702,-1,2013-12-12 05:00:00
24,50,2,2012-03-26 04:00:00
201,145,-10,2013-05-09 04:00:00
5,7559,-5,2014-03-11 04:00:00
1098,2,2,2011-05-10 04:00:00
5,7523,-10,2014-08-14 04:00:00
1843,1,1,2013-04-01 04:00:00
7402,7511,-3,2011-05-06 04:00:00
60,7573,-10,2012-03-11 05:00:00
203,17,2,2012-01-18 05:00:00
272,45,3,2011-06-14 04:00:00
2,38,9,2014-03-10 04:00:00
40,17,2,2012-05-06 04:00:00
15,70,1,2012-08-25 04:00:00
1538,493,2,2012-12-20 05:00:00
403,78,1,2011-07-20 04:00:00
7584,95,-10,2013-01-24 05:00:00
2456,145,1,2011-04-19 04:00:00
58,7514,-1,2014-08-10 04:00:00
101,44,5,2011-06-04 04:00:00
2336,188,-5,2014-07-22 04:00:00
155,327,1,2011-05-21 04:00:00
46,1528,1,2012-10-22 04:00:00
1159,403,-1,2013-04-13 04:00:00
13,7514,-10,2013-10-16 04:00:00
87,7473,-10,2013-12-10 05:00:00
117,7425,-5,2012-05-15 04:00:00
158,93,1,2013-06-30 04:00:00
9,287,-1,2012-11-28 05:00:00
177,7581,-10,2013-01-24 05:00:00
5,384,-10,2013-12-21 05:00:00
4,2454,1,2011-04-17 04:00:00
372,462,1,2013-09-20 04:00:00
428,7600,-10,2012-11-15 05:00:00
166,5533,-10,2012-09-26 04:00:00
73,7464,-10,2012-12-11 05:00:00
1746,17,3,2012-02-18 05:00:00
5,7510,-10,2014-08-14 04:00:00
7363,7502,-1,2014-05-12 04:00:00
7,197,3,2012-10-25 04:00:00
8,225,-1,2014-05-16 04:00:00
7,7425,-2,2012-05-12 04:00:00
163,462,1,2013-10-11 04:00:00
13,517,-1,2013-12-25 05:00:00
23,1398,1,2011-03-09 05:00:00
46,1049,3,2012-11-04 04:00:00
118,7597,-10,2013-08-14 04:00:00
35,7580,-5,2012-10-22 04:00:00
5342,7581,-10,2013-01-18 05:00:00
1133,940,1,2011-07-20 04:00:00
243,890,-1,2013-10-21 04:00:00
51,176,-1,2012-11-15 05:00:00
97,115,1,2013-05-28 04:00:00
132,2631,1,2011-08-11 04:00:00
58,7578,-3,2014-09-07 04:00:00
188,124,-1,2013-01-20 05:00:00
801,7604,-10,2013-05-04 04:00:00
249,904,2,2014-12-27 05:00:00
2396,7444,-10,2013-11-21 05:00:00
110,21,5,2012-09-21 04:00:00
610,431,2,2013-03-14 04:00:00
46,3133,1,2013-02-19 05:00:00
1388,7273,-1,2014-12-31 05:00:00
7517,166,-10,2012-09-25 04:00:00
8,2395,-1,2014-03-22 04:00:00
1337,42,1,2012-08-29 04:00:00
18,594,5,2012-08-21 04:00:00
8,7347,-1,2013-11-28 05:00:00
1048,9,1,2013-01-24 05:00:00
149,1072,5,2014-06-06 04:00:00
16,7438,-1,2011-05-17 04:00:00
1022,7603,1,2011-11-10 05:00:00
22,2171,1,2012-02-04 05:00:00
10,2188,1,2012-03-21 04:00:00
111,7601,-10,2013-03-29 04:00:00
72,2762,1,2011-09-20 04:00:00
190,7562,-10,2012-10-16 04:00:00
17,2821,1,2012-01-02 05:00:00
222,2336,-10,2014-07-20 04:00:00
19,92,1,2013-06-18 04:00:00
281,605,1,2015-04-25 04:00:00
7604,177,-10,2013-07-19 04:00:00
18,945,2,2012-11-26 05:00:00
68,408,-10,2012-09-21 04:00:00
7594,7,-10,2013-01-11 05:00:00
100,7604,-10,2013-03-28 04:00:00
85,11,-7,2014-12-12 05:00:00
84,7589,2,2011-05-08 04:00:00
1482,60,-1,2012-01-05 05:00:00
2244,7462,-10,2012-11-15 05:00:00
5342,1401,-5,2012-11-05 05:00:00
7564,89,-10,2011-06-20 04:00:00
791,7571,-10,2011-07-17 04:00:00
8,347,-1,2014-03-23 04:00:00
712,744,3,2011-01-09 05:00:00
123,9,1,2013-02-25 05:00:00
3026,1,10,2012-10-12 04:00:00
346,146,1,2012-04-08 04:00:00
520,161,1,2012-05-01 04:00:00
58,7522,-5,2014-08-14 04:00:00
104,145,-2,2015-08-28 04:00:00
49,7597,-10,2013-08-12 04:00:00
30,1552,1,2013-03-10 05:00:00
7565,177,-10,2012-11-05 05:00:00
145,7600,-10,2013-03-05 05:00:00
27,1187,1,2013-04-19 04:00:00
7602,188,-10,2013-07-19 04:00:00
250,31,1,2013-01-16 05:00:00
102,32,2,2012-06-05 04:00:00
8,592,-1,2014-03-25 04:00:00
942,232,2,2011-11-07 05:00:00
33,7604,-9,2013-04-18 04:00:00
22,7565,-4,2012-09-25 04:00:00
8,7487,-1,2014-02-25 05:00:00
8,1068,-1,2014-05-25 04:00:00
383,580,1,2011-06-06 04:00:00
49,7585,-10,2013-11-22 05:00:00
541,146,2,2011-06-23 04:00:00
5,96,2,2014-04-14 04:00:00
2318,598,1,2013-05-10 04:00:00
3172,444,-5,2013-05-19 04:00:00
159,65,5,2012-05-22 04:00:00
256,7592,-10,2012-01-31 05:00:00
106,383,1,2011-05-29 04:00:00
2189,2885,1,2012-03-25 04:00:00
708,7604,-10,2014-04-24 04:00:00
77,132,4,2011-07-15 04:00:00
708,7495,-10,2014-02-10 05:00:00
141,7591,-10,2014-09-03 04:00:00
8,7353,-1,2014-02-11 05:00:00
43,7505,-10,2012-09-15 04:00:00
170,22,-2,2013-04-14 04:00:00
5342,7530,-10,2013-01-18 05:00:00
8,7507,-5,2013-11-27 05:00:00
401,1666,1,2011-06-03 04:00:00
5,7479,-10,2014-08-16 04:00:00
95,7574,-10,2013-02-12 05:00:00
1339,203,1,2012-12-06 05:00:00
99,2019,1,2011-06-05 04:00:00
4,2511,1,2011-05-16 04:00:00
345,1744,1,2012-03-04 05:00:00
145,7550,-2,2013-01-30 05:00:00
1569,69,-10,2013-06-06 04:00:00
7565,41,-10,2012-08-14 04:00:00
1742,117,1,2012-04-23 04:00:00
48,1094,2,2011-08-13 04:00:00
397,87,4,2013-10-23 04:00:00
64,62,1,2012-11-05 05:00:00
32,40,1,2013-12-22 05:00:00
2506,404,1,2011-05-14 04:00:00
526,1826,-1,2014-07-29 04:00:00
2137,57,1,2011-11-23 05:00:00
43,30,1,2012-08-23 04:00:00
272,7572,-10,2011-08-28 04:00:00
2336,3286,-1,2015-02-05 05:00:00
7426,1046,1,2012-09-15 04:00:00
214,7513,-10,2012-09-18 04:00:00
64,176,-1,2012-11-05 05:00:00
15,7379,-3,2013-11-30 05:00:00
8,7488,-1,2014-02-10 05:00:00
813,7600,-10,2012-11-15 05:00:00
7564,7374,-10,2011-06-20 04:00:00
104,1397,1,2015-06-25 04:00:00
58,634,1,2014-06-22 04:00:00
1050,13,8,2013-01-30 05:00:00
165,114,-1,2014-08-31 04:00:00
68,7599,-10,2013-03-26 04:00:00
118,398,-1,2014-03-27 04:00:00
27,125,3,2013-04-19 04:00:00
8,1322,-1,2014-06-23 04:00:00
2336,7364,-1,2014-06-23 04:00:00
177,7530,-10,2013-01-24 05:00:00
7328,7564,-10,2011-07-07 04:00:00
382,167,1,2011-06-07 04:00:00
1134,7562,-10,2012-07-14 04:00:00
368,1404,1,2011-06-19 04:00:00
58,7521,-10,2014-02-26 05:00:00
63,7603,-10,2013-10-03 04:00:00
2067,7450,-10,2011-06-21 04:00:00
197,30,2,2013-02-12 05:00:00
81,1859,1,2013-05-27 04:00:00
1497,17,-1,2012-05-18 04:00:00
82,31,-1,2014-08-06 04:00:00
1159,785,-10,2013-04-24 04:00:00
30,285,-10,2013-05-11 04:00:00
35,801,-5,2013-06-28 04:00:00
43,7604,-10,2013-03-26 04:00:00
83,92,1,2013-01-14 05:00:00
7,244,-10,2014-02-28 05:00:00
145,201,-1,2013-05-09 04:00:00
142,272,-10,2012-02-17 05:00:00
6369,7444,-5,2014-03-26 04:00:00
58,7349,-1,2014-09-07 04:00:00
11,7499,-10,2012-03-30 04:00:00
7394,7571,-1,2011-06-14 04:00:00
673,134,3,2013-02-28 05:00:00
2196,69,1,2012-04-04 04:00:00
104,491,-4,2014-08-18 04:00:00
11,177,-10,2013-07-28 04:00:00
15,7560,-1,2014-09-02 04:00:00
553,3153,1,2013-04-20 04:00:00
42,83,1,2012-07-05 04:00:00
21,30,3,2012-09-28 04:00:00
20,15,6,2012-04-01 04:00:00
44,1090,3,2011-05-02 04:00:00
5,7447,-10,2014-08-18 04:00:00
58,110,3,2014-11-01 04:00:00
33,7499,-5,2012-03-30 04:00:00
813,185,1,2012-11-16 05:00:00
79,1130,1,2011-08-12 04:00:00
906,469,-1,2015-12-23 05:00:00
8,319,-1,2014-04-30 04:00:00
150,2545,1,2011-06-02 04:00:00
90,40,1,2011-08-26 04:00:00
34,894,2,2013-09-14 04:00:00
429,31,9,2013-12-06 05:00:00
30,256,-10,2013-05-13 04:00:00
275,195,3,2011-06-09 04:00:00
73,214,2,2013-02-08 05:00:00
218,261,10,2014-01-13 05:00:00
2336,31,-1,2015-05-29 04:00:00
467,701,-10,2013-11-27 05:00:00
85,7601,-10,2013-03-29 04:00:00
4,249,1,2011-03-21 04:00:00
1471,1472,1,2011-07-31 04:00:00
1210,857,1,2011-06-03 04:00:00
1973,236,1,2011-05-22 04:00:00
13,11,2,2012-11-18 05:00:00
7562,190,-10,2012-07-03 04:00:00
5342,478,-3,2012-10-19 04:00:00
53,7512,-10,2014-07-13 04:00:00
330,7509,-1,2013-04-04 04:00:00
8,7491,-1,2014-02-10 05:00:00
1,223,3,2011-05-05 04:00:00
60,7564,-10,2012-02-29 05:00:00
138,477,3,2011-05-31 04:00:00
300,7564,-1,2011-08-27 04:00:00
30,11,7,2013-08-05 04:00:00
281,3445,-1,2015-12-16 05:00:00
479,7564,3,2011-06-07 04:00:00
2074,1252,1,2011-06-21 04:00:00
228,11,2,2012-10-28 04:00:00
145,332,-1,2013-09-25 04:00:00
1845,160,3,2013-04-05 04:00:00
362,72,-2,2014-09-22 04:00:00
5,7591,-10,2014-09-03 04:00:00
7518,7603,-10,2012-10-13 04:00:00
243,699,5,2013-01-31 05:00:00
7603,146,1,2011-10-30 04:00:00
10,242,3,2013-02-14 05:00:00
111,7589,-3,2011-05-10 04:00:00
7565,13,-10,2012-09-25 04:00:00
284,2128,1,2011-10-24 04:00:00
8,4721,-1,2014-01-18 05:00:00
1298,1501,2,2012-07-26 04:00:00
7502,125,-10,2014-05-12 04:00:00
568,1633,1,2011-05-12 04:00:00
3291,982,1,2013-08-20 04:00:00
369,675,1,2011-06-08 04:00:00
525,644,10,2013-04-13 04:00:00
69,146,1,2012-02-13 05:00:00
322,283,3,2011-06-07 04:00:00
1292,272,-10,2012-01-04 05:00:00
86,7369,-2,2015-02-03 05:00:00
10,2129,1,2011-10-25 04:00:00
15,801,-1,2014-10-03 04:00:00
4,1054,1,2012-11-25 05:00:00
775,7589,-10,2011-05-12 04:00:00
5,7532,-10,2014-08-14 04:00:00
85,375,-1,2014-12-23 05:00:00
88,7419,-10,2013-11-19 05:00:00
517,214,3,2012-10-21 04:00:00
8,7472,-10,2013-12-01 05:00:00
15,85,-1,2014-11-27 05:00:00
111,95,-1,2013-06-18 04:00:00
8,304,-1,2013-12-12 05:00:00
125,12,4,2014-10-10 04:00:00
104,114,3,2014-08-05 04:00:00
83,7595,-10,2013-05-07 04:00:00
969,100,1,2013-05-01 04:00:00
23,773,1,2011-04-13 04:00:00
73,526,1,2014-06-03 04:00:00
183,299,4,2011-06-08 04:00:00
19,72,1,2013-12-30 05:00:00
8,265,-1,2014-03-22 04:00:00
7552,715,1,2011-04-24 04:00:00
205,58,2,2014-02-26 05:00:00
7565,9,-10,2012-08-14 04:00:00
94,192,1,2014-04-11 04:00:00
15,3369,-1,2014-11-27 05:00:00
614,941,-10,2013-06-06 04:00:00
231,132,10,2011-07-16 04:00:00
11,7538,-10,2012-10-31 04:00:00
620,7596,-10,2011-06-06 04:00:00
188,7579,-2,2012-06-20 04:00:00
7,7442,-6,2012-06-26 04:00:00
48,408,3,2011-06-06 04:00:00
104,7560,-3,2014-11-03 05:00:00
83,7604,-10,2013-03-25 04:00:00
96,126,3,2014-05-20 04:00:00
103,102,1,2014-01-16 05:00:00
166,7603,-7,2012-08-29 04:00:00
7,7506,-10,2012-09-18 04:00:00
1,594,5,2013-06-10 04:00:00
102,7594,-10,2013-01-11 05:00:00
8,372,-1,2014-07-19 04:00:00
145,941,-1,2013-03-05 05:00:00
715,250,1,2011-04-30 04:00:00
80,1504,2,2012-07-05 04:00:00
708,7490,-10,2014-02-10 05:00:00
42,43,1,2012-08-02 04:00:00
26,816,-10,2013-06-10 04:00:00
1,67,1,2012-09-09 04:00:00
2,587,1,2011-11-07 05:00:00
145,42,1,2011-08-04 04:00:00
25,739,1,2012-03-22 04:00:00
914,10,1,2011-08-15 04:00:00
532,1119,1,2011-06-10 04:00:00
7,7504,-9,2012-06-29 04:00:00
1,1475,1,2011-08-29 04:00:00
95,36,-10,2014-12-07 05:00:00
53,177,-10,2014-06-09 04:00:00
7579,85,-5,2012-06-20 04:00:00
130,1659,1,2011-06-02 04:00:00
197,17,5,2011-12-22 05:00:00
309,3254,1,2013-07-21 04:00:00
139,2257,-1,2013-03-14 04:00:00
167,328,1,2011-06-08 04:00:00
52,189,3,2012-09-10 04:00:00
8,1502,-1,2013-12-01 05:00:00
1844,757,2,2013-04-10 04:00:00
369,7604,-10,2013-03-29 04:00:00
2244,7600,-10,2012-10-28 04:00:00
177,244,7,2013-03-29 04:00:00
22,7580,-5,2012-10-10 04:00:00
177,124,9,2012-11-17 05:00:00
5342,680,-3,2012-10-31 04:00:00
73,82,3,2014-09-05 04:00:00
11,1493,1,2012-03-25 04:00:00
3134,27,1,2013-03-01 05:00:00
51,7526,-10,2012-01-12 05:00:00
269,801,-10,2014-02-11 05:00:00
4,1615,2,2011-05-06 04:00:00
7550,188,-9,2013-02-11 05:00:00
892,7375,-10,2013-05-20 04:00:00
16,44,3,2011-04-02 04:00:00
1065,128,1,2013-08-30 04:00:00
145,7440,-10,2012-10-20 04:00:00
1559,127,1,2013-04-08 04:00:00
221,556,10,2013-04-04 04:00:00
832,269,2,2014-04-22 04:00:00
2,7508,-5,2011-05-27 04:00:00
10,7564,-10,2011-06-11 04:00:00
18,1130,3,2012-08-18 04:00:00
6,809,7,2013-03-11 04:00:00
31,37,2,2010-12-31 05:00:00
239,665,4,2011-10-07 04:00:00
298,887,1,2013-04-07 04:00:00
33,1882,1,2013-11-18 05:00:00
449,7587,-10,2011-06-09 04:00:00
8,242,-1,2014-05-05 04:00:00
77,14,4,2011-12-28 05:00:00
335,7525,-10,2013-07-22 04:00:00
8,5446,-1,2013-12-01 05:00:00
13,7549,-1,2012-11-05 05:00:00
7466,7558,-10,2013-11-19 05:00:00
82,7568,-10,2014-05-20 04:00:00
645,3160,1,2013-03-16 04:00:00
104,376,1,2014-05-02 04:00:00
309,3274,1,2013-08-01 04:00:00
26,27,3,2013-04-29 04:00:00
22,7593,-5,2012-04-13 04:00:00
57,1135,5,2011-10-07 04:00:00
7444,5,1,2013-06-05 04:00:00
637,7,1,2012-04-12 04:00:00
48,7511,-3,2011-05-06 04:00:00
229,69,-1,2013-05-23 04:00:00
85,7598,-10,2013-03-29 04:00:00
8,877,1,2013-05-10 04:00:00
15,853,1,2011-07-23 04:00:00
111,7598,-10,2013-03-29 04:00:00
7,7567,-9,2013-12-09 05:00:00
177,7588,-1,2012-08-19 04:00:00
1762,188,-1,2012-07-23 04:00:00
660,401,1,2011-05-11 04:00:00
491,7518,-10,2015-01-02 05:00:00
976,92,1,2013-05-21 04:00:00
213,261,10,2012-08-01 04:00:00
177,371,3,2012-11-25 05:00:00
443,7387,-1,2011-12-20 05:00:00
306,177,1,2012-09-11 04:00:00
130,976,2,2013-04-05 04:00:00
7,142,-10,2013-05-12 04:00:00
30,7603,-10,2013-01-24 05:00:00
3,1834,2,2013-02-06 05:00:00
8,7382,-1,2014-02-12 05:00:00
43,113,-1,2014-03-12 04:00:00
14,664,1,2011-12-12 05:00:00
65,7604,-1,2013-03-26 04:00:00
647,7522,-5,2014-08-14 04:00:00
1104,2513,1,2011-05-30 04:00:00
7502,7363,-1,2014-05-12 04:00:00
6,5,5,2013-11-06 05:00:00
73,177,-10,2013-07-19 04:00:00
26,45,1,2011-11-11 05:00:00
491,70,-1,2012-11-11 05:00:00
7595,7604,-10,2013-03-30 04:00:00
7564,57,3,2011-06-05 04:00:00
680,131,1,2011-06-23 04:00:00
7595,5342,-10,2013-03-30 04:00:00
791,7396,-10,2011-07-17 04:00:00
17,107,2,2011-12-03 05:00:00
286,177,-10,2013-10-03 04:00:00
8,4017,-1,2013-12-24 05:00:00
